Player,Team,Age,GP,W,L,Min,PTS,FGM,FGA,FG%,3PM,3PA,3P%,FTM,FTA,FT%,OREB,DREB,REB,AST,TOV,STL,BLK,PF,FP,DD2,TD3,+/-
Luka Doncic,DAL,25,36,25,11,37.1,33.5,11.5,23.5,48.9,4.4,11.3,39.3,6.1,7.8,78.4,0.8,8.6,9.4,9.6,3.9,1.3,0.6,2,61.1,27,12,3.6
Joel Embiid,PHI,30,15,12,3,33.1,33.1,11.3,21.4,53,1.3,3.3,38,9.1,10.6,86.2,2.1,7.7,9.9,4.9,3.8,1,1.3,2.5,55.3,8,0,5.5
Giannis Antetokounmpo,MIL,29,35,17,18,36.3,32.9,12.3,19.5,63.3,0.6,1.9,30.8,7.6,11.5,66.4,2.5,8.8,11.3,6.8,3.3,1.3,0.9,3.1,59.8,30,3,3
Jalen Brunson,NYK,27,40,22,18,35.4,29.5,10.4,21.5,48.2,2.9,7.1,40.4,6,7,85,0.6,3.2,3.7,6.3,2.7,0.9,0.2,1.7,43.9,3,0,4.2
Shai Gilgeous-Alexander,OKC,25,37,23,14,34.4,29.3,10.6,19.8,53.5,1.2,3.1,38.3,6.9,8,86.8,0.8,4.4,5.2,5.8,2.6,1.9,1,2.5,50.4,4,0,2.3
Devin Booker,PHX,27,36,21,15,36.4,28.8,10.5,20.6,50.8,2.3,6.5,34.6,5.6,6.3,89,0.9,3.9,4.8,6.5,2.5,0.8,0.6,2.9,45.9,4,0,4.3
De'Aaron Fox,SAC,26,36,21,15,36.1,28.2,10.3,22,46.7,3.4,9.1,37.9,4.2,5.8,73.1,1,3.5,4.6,4.9,2.5,2.1,0.3,2.5,45.8,1,0,2.2
Trae Young,ATL,25,24,9,15,36,27.1,8.7,20,43.2,3.6,9.8,36.4,6.2,7.5,81.8,0.5,2.7,3.2,11,4.6,1.2,0.1,1.9,46.6,18,0,-3.8
Jayson Tatum,BOS,26,38,25,13,36.8,27,9.3,19.5,47.4,3.1,8,38.5,5.4,6.5,83.1,1,7.5,8.5,4.9,2.7,1.2,0.5,1.9,47,15,0,5.4
Ja Morant,MEM,24,5,4,1,36.5,27,10.4,21.8,47.7,1,5.8,17.2,5.2,6.4,81.3,1,4.8,5.8,8.6,3.8,1,1,2.4,49.1,2,0,2.6
Anthony Edwards,MIN,22,39,25,14,35.4,26.8,9.6,21.1,45.5,2.5,7.1,35.9,5.1,6,84.2,0.8,4.6,5.5,5.3,2.9,1.3,0.6,2.1,43.9,6,0,2.8
LeBron James,LAL,39,32,15,17,36.2,26.7,10.1,18.3,55.4,2.2,5.3,41.4,4.3,5.9,72.1,1,7,8,7.7,3.4,1.3,0.7,1.4,50.7,12,3,0.3
Nikola Jokic,DEN,29,38,22,16,34.3,26.6,10.7,18.4,58.1,1.3,3.3,38.6,3.9,4.8,82.4,2.9,9.4,12.3,8.3,3.2,1.2,0.8,2.4,56.9,33,9,5.5
Kevin Durant,PHX,35,39,22,17,37.5,26.2,9.9,19.2,51.7,2.3,5.7,40.2,4.1,4.8,85,0.5,6.6,7.1,5,3.4,1.1,1.1,1.6,45.5,8,1,4.1
Tyrese Maxey,PHI,23,34,20,14,37.8,25.7,9.2,20.4,44.9,2.8,8,35.3,4.6,5.4,84.2,0.5,3,3.5,6.1,1.4,1.1,0.4,2.2,42.3,4,0,2.5
Stephen Curry,GSW,36,38,24,14,32.5,25.7,8.6,19.2,44.9,4.7,11.9,39.6,3.7,3.9,92.7,0.6,4,4.6,5.6,2.6,0.8,0.4,1.4,40.4,6,0,4.7
Anthony Davis,LAL,31,35,17,18,36.7,25.5,9.7,18.2,53.1,0.5,1.8,28.1,5.7,7,81.1,3.1,10,13,3.2,2.5,1.1,2.3,2.4,53.7,31,2,-0.6
Kawhi Leonard,LAC,32,37,24,13,34.4,25.3,9.9,18.2,54.3,2.3,5.3,42.9,3.3,3.8,87.1,1.3,5,6.3,3.2,1.6,1.7,0.9,1.6,44,3,0,6.2
Desmond Bane,MEM,25,23,11,12,33.5,25,9,18.5,48.4,3.1,8.3,37.7,3.9,4.4,89.1,0.8,3.5,4.3,5,2.7,1,0.7,2.8,40,1,0,-5.3
Julius Randle,NYK,29,25,13,12,36,24.6,8.8,18.4,47.7,1.4,5,28.2,5.7,7.2,78.5,2.2,7.1,9.2,5.1,3.5,0.4,0.3,3,42.2,12,0,2.6
DeMar DeRozan,CHI,34,40,18,22,37.8,24.3,8.4,17.2,48.9,1,2.8,35.5,6.6,7.7,84.8,0.5,3.9,4.4,5.4,1.7,1.1,0.5,2,40.5,4,0,-2
Kyrie Irving,DAL,32,29,18,11,34,24.2,9.6,18.7,51.2,2.9,6.8,42.3,2.2,2.5,87.7,0.6,3.6,4.1,5,1.8,1.2,0.4,2.1,39.9,2,0,3.4
Donovan Mitchell,CLE,27,29,16,13,35.4,23.9,8.3,18.8,44.4,3.2,8.7,37.3,3.9,4.6,85.7,0.6,4.7,5.3,5.6,3,1.6,0.6,2.4,42.1,2,0,3.8
Paolo Banchero,ORL,21,40,18,22,35.4,23.7,8.2,19,43.2,1.5,4.3,34.1,5.9,8.3,71.2,1.3,5.8,7,5.3,3.2,1,0.7,2,42,6,1,-4.4
Jaren Jackson Jr.,MEM,24,36,16,20,31.7,23.6,8.2,17.8,46.2,1.8,5.5,33,5.3,6.5,81.3,1.3,4.4,5.7,2.2,2.5,1.2,1.5,3.6,39.4,5,0,-3.5
Anfernee Simons,POR,24,21,4,17,34.1,23.3,7.8,18.2,42.9,3.7,9,41.3,4,4.3,92.2,0.5,3.1,3.6,5.8,2.8,0.3,0.1,1.8,35,3,0,-9.8
Karl-Anthony Towns,MIN,28,30,19,11,32.9,23.3,8.5,16.2,52.6,2.2,5.3,41.8,4.1,4.5,91,1.6,6.8,8.4,3.1,2.4,0.6,0.7,3.1,39.4,11,0,4.8
Zion Williamson,NOP,23,34,22,12,32,23.2,9.1,16.3,55.6,0.1,0.4,25,5,6.9,73.1,1.9,4.2,6.1,4.8,2.9,1.2,0.8,2.2,40.9,6,0,2.2
Damian Lillard,MIL,33,34,17,17,35.2,23.1,7.2,17.1,41.9,2.9,8.3,35.1,5.9,6.5,89.6,0.6,3.6,4.3,7.2,2.6,1,0.3,1.8,40.1,7,0,2.5
Jaylen Brown,BOS,27,35,21,14,34.4,22.8,9,18.9,47.7,1.9,6.1,31.6,2.9,4.5,63.9,1.3,4.2,5.5,3.5,2.4,1.3,0.5,2.7,37.6,3,1,4.9
Paul George,LAC,33,39,24,15,34.3,22.6,7.5,16.1,47,3.6,8.3,43.1,3.9,4.3,91.1,0.4,4.7,5.1,3.4,1.9,1.6,0.5,2.7,38.3,2,0,6.7
Kyle Kuzma,WAS,28,36,7,29,31.8,22.6,8.7,18.4,47.2,2.1,6,34.9,3.2,4.1,76.5,1.1,5.4,6.5,3.7,2.7,0.6,0.7,2.2,37,6,0,-7.6
Cade Cunningham,DET,22,32,4,28,32.7,22.3,8.5,18.5,45.7,2,5.4,37.4,3.3,4,84.3,0.5,3.3,3.8,6.8,3.3,0.7,0.4,2.4,37.2,3,0,-6.4
Lauri Markkanen,UTA,26,27,7,20,32.9,22.2,7.6,16.4,46.2,3.3,8.5,38.3,3.9,4.3,90.4,2.4,5.2,7.6,2.1,1.4,0.9,0.4,1.9,37,7,0,-3.5
Dejounte Murray,ATL,27,39,14,25,34.8,22.1,8.3,18.3,45,2.6,7.2,36.6,3,3.8,78.5,0.8,4.1,4.9,6,2.5,1.4,0.3,1.6,39.7,9,0,-4.9
Cam Thomas,BKN,22,35,11,24,31.1,21.7,7.8,17.3,45,2,5.7,34.7,4.2,5.1,83.6,0.4,2.7,3.1,3.1,2,0.6,0.2,2,30.6,0,0,-5.3
LaMelo Ball,CHA,22,11,3,8,31.2,21.5,7.5,17.6,42.3,2.7,8.2,33.3,3.9,4.4,89.6,1.4,3.6,5,7.3,3.1,1.9,0.2,3.7,41.6,4,1,-8.7
Pascal Siakam,IND,30,41,16,25,33.3,21.4,8.4,15.8,52.9,0.9,2.9,32.2,3.8,5.4,70.5,1.7,5.1,6.9,4.3,1.7,0.7,0.4,2.6,37.8,8,0,-0.5
Jamal Murray,DEN,27,28,18,10,32.2,21.3,8.1,17.3,47,2.4,5.8,40.7,2.8,3.1,87.5,0.7,3.8,4.5,6.1,2.2,1,0.8,1.9,38.8,6,0,2.9
Tyrese Haliburton,IND,24,33,18,15,32.8,21.1,7.5,15.7,48.2,3.3,8.4,38.8,2.7,3.4,80.2,0.7,3.7,4.3,10.8,2.1,1.2,0.7,0.9,46.1,22,0,3.8
Terry Rozier,MIA,30,31,11,20,33.9,20.8,7.6,17.2,44.5,2.5,6.8,36.8,3,3.4,87.7,0.5,3.6,4.2,5.6,1.8,1.2,0.5,1.5,37.6,2,0,-5.2
Tyler Herro,MIA,24,21,11,10,33.6,20.5,7.6,17.7,43.1,2.9,7.8,37.2,2.3,2.7,86,0.4,4.9,5.3,4.1,1.9,0.5,0.1,1.7,33,1,0,-1.4
Jimmy Butler,MIA,34,28,16,12,33.9,20.2,6.4,13,48.9,1,2.4,41.2,6.5,7.8,83.9,1.4,3.6,5,4.9,1.5,1.5,0.4,1.3,37.5,1,0,4.7
Alperen Sengun,HOU,21,31,8,23,32,20.2,8,15.5,51.5,0.6,1.9,31,3.6,5.6,64.7,3.1,5.8,8.9,4.3,2.6,1.1,0.8,3.5,40.6,14,0,-3.6
CJ McCollum,NOP,32,33,25,8,32.6,20.2,7.5,15.5,48.1,3.9,8.2,47.1,1.3,1.6,81.5,0.4,3.8,4.2,4.4,1.8,0.8,0.5,1.9,34.2,1,0,3.8
Jalen Williams,OKC,23,36,22,14,32.7,20,7.8,15,51.9,1.5,3.6,40.8,3,3.6,82.4,0.6,3.4,4,4.9,1.7,1.3,0.4,2.7,35.6,2,0,3.4
Bam Adebayo,MIA,26,35,20,15,35.5,20,7.5,14.4,52.1,0.2,0.6,31.8,4.8,6.2,76.6,2.2,8.6,10.9,3.9,2.6,1.3,0.8,2.4,42.6,23,1,-0.4
Brandon Ingram,NOP,26,34,20,14,32.7,20,7.7,16.2,47.5,1,3.6,27.4,3.6,4.6,78.7,0.6,4.4,5,5.6,2.9,0.6,0.6,2.4,35.1,1,0,0.5
Victor Wembanyama,SAS,20,33,9,24,28.5,20,7.2,15.9,45.6,1.5,5,30.9,3.9,4.9,79.8,1.9,7.7,9.6,3.7,3.3,1.1,3.8,2,48.3,17,2,-2.5
Kristaps Porzingis,BOS,28,29,18,11,30.5,20,6.8,13.6,50.1,1.8,5.2,33.8,4.6,5.6,83.2,1.8,5.1,6.9,2.2,1.5,0.8,2.4,2.9,39.6,5,0,6.9
Coby White,CHI,24,41,19,22,36.8,19.9,7.2,15.3,47.4,2.8,6.9,39.9,2.7,3.3,81.5,0.5,3.9,4.5,5.1,2.1,0.8,0.2,2.2,34,2,0,0
RJ Barrett,TOR,23,29,12,17,31.4,19.8,7.2,14.8,48.7,1.7,4.5,37.4,3.7,4.7,77.4,0.9,4.4,5.4,3.3,2.1,0.6,0.4,2.5,32.2,2,0,-3.7
Miles Bridges,CHA,26,34,7,27,36.7,19.7,7.7,17.4,44.5,2.1,6.2,33.5,2.1,2.7,79.1,1,6,6.9,3,2,0.9,0.4,1.5,34.3,8,0,-12.5
Franz Wagner,ORL,22,34,16,18,33.6,19.4,7.3,15.9,45.7,1.4,5.1,27.6,3.5,4.1,84.3,1,4.6,5.6,3.8,2.3,1.1,0.3,2.7,33.9,0,0,0
Domantas Sabonis,SAC,27,41,22,19,35.6,19.4,7.8,12.8,61,0.4,1,41,3.4,4.8,71.1,3.8,9.8,13.6,8.1,3.2,0.8,0.7,3.1,49.1,38,12,-0.2
Jalen Green,HOU,22,41,14,27,31.9,19.3,6.6,16,41.1,2.4,7.4,32.5,3.8,4.6,82,0.5,4.8,5.4,3.8,2.7,0.7,0.3,1.7,31.8,5,1,-3.3
Zach LaVine,CHI,29,12,4,8,34.3,19.2,6.8,15.4,43.8,2.3,6.6,35.4,3.3,3.9,85.1,0.4,3.8,4.3,3.4,1.9,0.8,0.3,2.1,30.5,0,0,-6.9
Scottie Barnes,TOR,22,30,10,20,35.5,19.1,6.9,15.2,45.1,1.9,5.4,34.4,3.5,4.6,76.6,2,5.2,7.2,6.2,2.6,1.2,1.5,1.9,42.5,10,3,-5.4
Bradley Beal,PHX,30,26,17,9,34.5,18.9,7.5,14.6,51.1,2.2,5.2,43.3,1.8,2.2,82.1,1.1,3.8,4.9,5.6,2.4,1.2,0.4,2.5,35.4,2,0,4
Nikola Vucevic,CHI,33,38,18,20,35.1,18.7,8,16.7,47.8,1.3,4.3,30.2,1.4,1.8,79.4,3.1,8.1,11.2,3.6,1.3,0.7,0.7,2.6,40.4,27,0,-0.8
Devin Vassell,SAS,23,35,7,28,31.6,18.7,7.1,15.1,47.2,2.3,6.1,37.9,2.1,2.7,78.7,0.5,3.1,3.6,4.1,1.6,1.1,0.4,1,32.2,0,0,-5.1
Klay Thompson,GSW,34,37,21,16,30.4,18.6,6.8,14.7,46.4,3.7,9.2,40.3,1.3,1.5,87.3,0.5,3.1,3.7,2,1.6,0.7,0.4,1.5,27.6,0,0,-1.1
Jerami Grant,POR,30,26,8,18,30.9,18.2,6.1,14,43.7,2,4.8,40.8,4,4.8,81.7,0.4,2.5,2.9,2.3,1.8,0.8,0.9,2,28.2,0,0,-8.2
Mikal Bridges,BKN,27,41,12,29,34.6,18.1,6.2,15.1,40.9,2.6,7.2,35.7,3.2,3.9,81.9,0.7,3.5,4.2,3.7,1.9,0.7,0.2,1.4,29.6,1,0,-7
Dexter Dennis,DAL,25,1,0,1,17.2,18,8,11,72.7,1,3,33.3,1,2,50,0,5,5,4,0,0,0,0,30,0,0,10
Fred VanVleet,HOU,30,34,12,22,38.2,17.9,5.9,14.6,40.7,3.1,8.3,36.9,3,3.5,85,0.6,3.3,3.9,8.2,1.6,1.4,1.1,2.8,40.5,12,0,-1.4
Tobias Harris,PHI,31,34,18,16,33.7,17.7,6.9,14.7,47,1.3,3.9,32.6,2.6,3.1,84.9,1.3,5,6.3,2.9,1.6,1,0.6,1.4,33.1,5,0,-0.1
Jordan Poole,WAS,24,40,8,32,29,17.7,6.2,15.3,40.4,2.5,7.3,34.5,2.8,3.2,88.2,0.5,2.1,2.6,4,2.3,1.2,0.3,3,28.8,1,0,-6.9
Darius Garland,CLE,24,32,15,17,33.7,17.6,6.4,15.2,42.4,2.3,6.4,35.1,2.5,2.9,84,0.6,2.4,3,6.3,3,1.7,0.2,1.8,33.2,2,0,1
Shaedon Sharpe,POR,20,20,5,15,34.2,17.5,6.1,14.3,42.3,1.9,5.9,31.4,3.6,4.3,82.6,1.2,3.5,4.7,3.3,2.3,1,0.4,2.7,29.8,1,0,-8.1
Evan Mobley,CLE,22,24,13,11,31.3,17.3,6.8,11.3,60,0.6,1.4,42.4,3.2,4.4,72.4,2,6.7,8.6,2.8,1.7,0.8,1.5,2.7,36.9,9,0,1.7
Immanuel Quickley,TOR,24,40,15,25,28.5,17.2,5.7,13.1,43.3,2.5,6.2,39.4,3.4,3.9,85.9,0.2,3.3,3.6,4.6,1.6,0.6,0.1,1.9,28.9,4,0,-2.5
Collin Sexton,UTA,25,39,9,30,25.7,17,6.1,12.9,47,1.3,3.6,36,3.6,4.5,81.1,0.8,1.6,2.5,4.7,1.9,0.9,0.2,1.7,28.5,2,0,-6
D'Angelo Russell,LAL,28,38,19,19,33.5,16.8,5.9,14,42.6,2.6,6.9,38,2.3,2.8,81.3,0.3,2.9,3.2,6.8,2.2,0.9,0.6,2.2,33.1,6,0,-0.8
Trey Murphy III,NOP,23,30,23,7,29.3,16.8,5.4,11.3,47.6,3.4,8.1,41.6,2.6,3.1,84.9,0.6,3.9,4.6,2.4,0.5,0.8,0.4,1,28.8,0,0,7.9
Jonathan Kuminga,GSW,21,35,20,15,26.1,16.7,6.4,12.4,51.7,0.9,2.3,38,3,4.1,73.9,1.1,3.5,4.6,1.8,1.8,0.6,0.4,2.6,26.1,3,0,2.3
James Harden,LAC,34,36,24,12,34.8,16.5,4.8,11.3,42,2.7,6.9,39.2,4.3,5,86.6,0.6,4.8,5.4,8.3,2.4,1.2,0.7,1.7,38.6,10,1,6
Myles Turner,IND,28,39,20,19,26.6,16.4,5.9,11.8,50.1,1.4,4.1,33.8,3.1,4.2,74.8,1.3,4.9,6.3,1.3,1.5,0.4,2,3.1,31.6,7,0,-0.4
Chet Holmgren,OKC,21,41,24,17,29.8,16.3,6,11.8,50.8,1.6,4.4,36.3,2.7,3.6,76.7,1.5,6.6,8.1,2.5,1.5,0.6,2.3,2.5,36.8,12,0,1.2
Deandre Ayton,POR,25,26,7,19,32.8,16.3,7.5,13,58,0,0.2,0,1.2,1.5,79.5,3.1,7.5,10.7,1.9,1.5,1,0.8,2,35.9,14,0,-6.7
Austin Reaves,LAL,25,40,19,21,32.3,16.1,5.7,11.9,48,1.9,5.6,34.5,2.7,3.3,83.8,0.7,3.3,4,5.3,2.1,0.9,0.4,1.8,30.6,5,1,-2.8
Kelly Oubre Jr.,PHI,28,34,19,15,31.1,16,6.1,13.1,46.4,1.6,4.8,33.3,2.3,3.1,72,1.5,3.5,5,2,1.3,1.2,0.8,2.8,29.7,1,0,0.7
Jalen Johnson,ATL,22,26,11,15,33,16,6.5,13.5,48.6,1.3,4.2,32.1,1.6,2.4,65.1,1.6,7.2,8.8,3.1,1.5,1,0.7,2,34.9,8,0,-3.8
Jarrett Allen,CLE,25,39,20,19,31.2,16,6.4,11,58.3,0,0.1,0,3.2,4.3,72.8,3.2,7.1,10.3,2.6,1.6,0.6,1,1.9,35.5,19,0,-0.5
Brandon Miller,CHA,21,34,7,27,30.8,16,6.1,14.2,42.7,2.3,6.3,36.4,1.6,2,77.9,0.7,3.2,3.9,2.2,1.6,1,0.5,2.5,26.8,1,0,-9
Bogdan Bogdanovic,ATL,31,39,15,24,30.6,15.8,5.6,13.5,41.1,2.9,7.7,37.2,1.8,1.9,92.1,0.7,3,3.7,2.9,1.5,1.2,0.4,2.3,27.8,0,0,-0.2
Marcus Smart,MEM,30,12,6,6,29.7,15.6,5.5,12.1,45.5,2.7,7.6,35.2,1.9,2.3,85.2,0.3,2.5,2.8,4.4,3.1,2.1,0.3,1.8,29.7,0,0,-0.6
Khris Middleton,MIL,32,30,13,17,27.1,15.6,5.9,11.9,49.7,1.7,4.6,38,2,2.4,81.9,0.6,3.8,4.3,5,2.4,0.8,0.4,2.8,29.6,2,0,1
Michael Porter Jr.,DEN,25,40,24,16,31.8,15.6,6,12.8,46.4,2.5,6.6,38.4,1.1,1.4,83.3,1.3,5.8,7.1,1.4,1.1,0.5,0.6,2,28.4,6,0,1.1
Derrick White,BOS,29,36,25,11,33.4,15.4,5.4,11.7,46.2,2.7,7.1,37.8,1.9,2.2,87.3,0.8,3.6,4.4,4.9,1.7,0.8,1.2,2,32.2,3,0,6.9
Caris LeVert,CLE,29,33,15,18,29.5,15.4,5.5,12.2,44.9,1.5,4.8,32.3,2.8,3.5,80.3,0.6,4.1,4.7,5.2,1.7,1.1,0.6,2,32.2,3,0,0.3
Jaden Ivey,DET,22,40,7,33,27.6,15.3,5.3,12.5,42.8,1.7,4.7,34.9,3,3.9,77.4,1,2.5,3.4,3.6,2.5,0.5,0.5,2.7,25.3,2,0,-4.9
Mark Williams,CHA,22,8,3,5,26.8,15.3,6.1,9.6,63.6,0,0,0,3,3.9,77.4,4.8,5.4,10.1,1.3,1,1.1,1,2,34.7,4,0,-3.5
Donte DiVincenzo,NYK,27,40,23,17,28,15.2,5.5,11.5,47.3,3.5,8.2,42.7,0.8,1,82.5,0.8,2.8,3.6,2.5,1.2,1.5,0.4,2.1,27.5,0,0,-1.2
Malik Monk,SAC,26,37,21,16,25.4,14.9,5.4,12.4,44,2,5.6,35.4,2.1,2.5,83.7,0.3,2.6,2.9,4.8,2.2,0.5,0.5,2.2,26.5,0,0,-1
Keldon Johnson,SAS,24,35,7,28,28.7,14.7,5.3,12.1,43.5,1.5,5,30.1,2.7,3.5,76.9,1.2,4,5.2,2.6,1.5,0.8,0.2,2.3,26.3,4,0,-5.9
De'Andre Hunter,ATL,26,31,12,19,29.1,14.6,4.7,11,43.1,2,5.3,38,3.2,3.6,86.7,0.3,2.4,2.7,1.5,1.4,0.8,0.2,2.8,21.7,0,0,-3
Deni Avdija,WAS,23,38,7,31,29.7,14.6,5.3,10.8,49,1.1,2.9,35.7,2.9,3.8,76.7,1.3,5.6,6.9,3.8,2,0.8,0.4,2.6,30.2,8,0,-4.6
John Collins,UTA,26,32,8,24,27.5,14.5,5.8,10.7,54.4,1,2.9,35.9,1.9,2.5,74.1,2.3,5.7,7.9,1,1.5,0.4,0.7,3,27.3,8,0,-8.8
Jordan Clarkson,UTA,31,26,7,19,28.9,14.5,5.4,13.7,39.3,1.1,4.9,22.7,2.6,2.9,90.7,0.9,2.1,3,4.5,3.2,0.6,0.2,1.2,23.8,1,0,-8
Bojan Bogdanovic,NYK,35,25,9,16,25.5,14.4,5.4,11.9,45.5,2.1,5.2,39.7,1.6,2,78,0.6,2.5,3.1,1.7,1.9,0.6,0,1.6,20.6,1,0,-5.2
Dennis Schroder,BKN,30,44,12,32,30.5,14.3,5.2,11.4,45.4,1.6,4.3,37.4,2.3,2.8,83.7,0.4,2.3,2.7,5.5,2,0.9,0.3,2,27.2,4,0,-4.8
Rui Hachimura,LAL,26,34,17,17,26.7,14.2,5.6,9.8,57.2,1.5,3.3,46.4,1.5,2.1,70.4,1,3.9,4.9,1.3,0.7,0.6,0.4,1.3,24.5,3,0,0.8
Malcolm Brogdon,POR,31,22,6,16,26.4,14.1,5.1,12.2,42.2,1.8,4.3,42.6,2,2.6,77.6,0.8,2.5,3.3,5.3,1.8,0.5,0.3,1.3,26.7,2,0,-3.5
Brandon Clarke,MEM,27,3,2,1,21,14,6.7,10.3,64.5,0.3,1,33.3,0.3,1.3,25,2.3,3.7,6,2,0.3,0.7,1.7,1.7,30.9,0,0,3.3
Andrew Wiggins,GSW,29,34,21,13,27.4,13.9,5.2,11.4,46.1,1.4,3.7,37.3,2.1,2.9,72.2,1.5,3.5,4.9,1.5,1.4,0.4,0.8,2.1,24.2,2,0,1.8
OG Anunoby,NYK,26,25,13,12,33.7,13.8,5.3,11.6,45.4,1.8,5.3,34.8,1.4,1.8,77.3,1.2,3,4.2,2,1.6,1.1,0.8,2.2,26,0,0,5.4
Gary Trent Jr.,TOR,25,35,11,24,27.9,13.7,5.1,12.1,42.2,2.6,6.6,39,0.9,1.2,76.7,0.4,2.1,2.6,1.3,0.7,1.2,0.1,1.4,22,0,0,-4
Tim Hardaway Jr.,DAL,32,40,24,16,26.3,13.7,4.8,12,39.7,2.6,7.6,34.2,1.6,1.9,85.5,0.3,3.3,3.6,1.9,0.8,0.6,0.1,1.2,22,0,0,0.2
Jalen Duren,DET,20,30,6,24,29.7,13.7,5.6,9.3,59.9,0,0.1,0,2.6,3,84.6,3.2,8.5,11.7,2.4,2.1,0.6,0.7,3,33.2,21,0,-4.4
Norman Powell,LAC,30,38,23,15,25.7,13.7,4.8,9.6,50.1,2.4,4.9,47.9,1.7,2.1,82.3,0.1,2.2,2.3,0.9,1,0.5,0.3,1.8,19.3,0,0,3
GG Jackson,MEM,19,23,8,15,25.9,13.6,4.7,10.7,43.9,2,5.6,35.7,2.2,2.8,78.5,0.9,3.2,4.1,1.3,1.1,0.6,0.4,1.3,22.5,1,0,-6.4
Rudy Gobert,MIN,31,37,24,13,33.8,13.3,5.2,8.3,62.7,0,0,0,2.9,4.5,64.2,4,8.5,12.5,1.4,1.5,0.9,1.9,3.2,37.5,24,0,2.9
Saddiq Bey,ATL,25,31,13,18,32.9,13.2,4.6,11.2,40.8,1.7,5.5,30.6,2.3,2.7,85.7,2.7,4.3,7,1.5,0.8,0.9,0.2,1.4,26.2,5,0,-1.6
Aaron Gordon,DEN,28,38,21,17,32.2,13.1,5.2,10,52.2,0.4,1.8,22.1,2.3,3.9,59.9,2.7,3.7,6.4,3.4,1.2,0.7,0.9,2.1,29.7,6,0,3.3
Naz Reid,MIN,24,41,26,15,24.5,13.1,4.9,10.8,45.2,2,4.9,40.6,1.4,1.9,72.7,0.9,4.4,5.3,1.4,1.2,0.7,0.8,2.1,24.9,4,0,1.2
Duncan Robinson,MIA,29,36,21,15,28.8,13.1,4.5,10.1,44.8,2.8,7,40.6,1.3,1.4,90.2,0.3,2.5,2.8,3.1,1.3,0.7,0.3,2.4,22.9,0,0,2.2
Dillon Brooks,HOU,28,37,12,25,31.5,13.1,4.8,11.2,42.8,1.8,5.5,33.7,1.7,2.1,82.9,0.9,2.4,3.3,1.5,1.3,0.9,0.2,3.5,21.5,1,0,-3.7
Keyonte George,UTA,20,36,7,29,27,13.1,4.2,11.1,37.7,1.9,5.9,32.2,2.8,3.2,88.7,0.2,2.5,2.7,4.5,2.3,0.3,0.1,1,21.9,0,0,-8.9
Scoot Henderson,POR,20,33,8,25,28.4,13,4.7,12.2,38.5,1.4,4.4,31.9,2.2,3,74,0.8,2.4,3.2,4.9,3.5,0.7,0.2,3.1,23.5,2,0,-10.4
Jrue Holiday,BOS,33,34,22,12,34,13,4.9,10.7,46,2.2,5.4,40.4,1,1.3,81.4,1.3,4.4,5.7,5.4,2,1,0.8,1.7,31.3,5,0,3.5
Keegan Murray,SAC,23,39,21,18,33,13,5.2,11.9,43.1,1.9,6.2,30.9,0.8,0.9,83.3,1.2,3.9,5.1,1.7,0.8,0.8,1,2.6,26.6,3,0,1.5
De'Anthony Melton,PHI,25,18,10,8,28.6,12.8,4.2,10.6,39.5,2.3,6.5,35.9,2.2,2.6,84.8,0.7,3.4,4.1,2.8,1.2,1.8,0.7,2.4,28.2,0,0,5.4
Grayson Allen,PHX,28,38,22,16,32.5,12.8,4.3,8.4,51.4,2.5,5.3,47,1.6,1.9,84.9,0.7,3.2,3.9,2.7,1.1,0.7,0.4,2,24,0,0,5.1
Cameron Johnson,BKN,28,29,6,23,28.1,12.8,4.5,10.3,43.8,2.4,6,40.5,1.3,1.8,74.5,0.8,3.3,4.2,2.6,0.9,0.9,0.2,1.6,24.1,0,0,-4
Jabari Smith Jr.,HOU,20,39,13,26,32.9,12.6,4.8,11.2,42.7,1.5,5,29.2,1.6,2.2,74.1,1.9,6.3,8.2,1.5,1.3,0.7,0.8,2.8,28.1,8,0,-4.4
Corey Kispert,WAS,25,40,8,32,24.9,12.5,4.5,10,45,2.2,5.9,37.7,1.3,1.8,74.6,0.5,2.5,3,2.2,1.2,0.6,0.2,1.7,20.6,1,0,-6.1
Max Strus,CLE,28,35,20,15,32.5,12.4,4.4,10.2,42.9,2.3,6.8,34.2,1.3,1.7,81,1.1,3.9,5,4.2,1.6,1,0.4,2.5,27,2,0,3.9
Aaron Nesmith,IND,24,37,19,18,28,12.4,4.5,9.3,48.1,2.1,5.1,40.2,1.4,1.9,75.4,0.9,3,3.9,1.5,0.8,0.7,0.6,3.6,22.7,1,0,1.9
Harrison Barnes,SAC,31,41,22,19,28.8,12.4,4.2,9,46.5,1.9,5.1,36.2,2.1,2.7,79.1,0.6,2.1,2.8,1,0.9,0.7,0.1,1.1,18.8,0,0,-1.6
Ayo Dosunmu,CHI,24,37,17,20,29.3,12.4,4.8,9.2,51.9,1.6,3.7,44.5,1.2,1.5,81.5,0.5,1.9,2.5,3.1,1.2,0.9,0.6,2.4,23.3,0,0,-3.2
Bennedict Mathurin,IND,21,28,14,14,23.9,12.3,4.3,10.1,42.6,0.9,3.1,27.9,2.8,3.6,78.2,0.8,2.5,3.3,1.5,1.7,0.3,0.3,1.6,18.6,1,0,-4.4
Cam Whitmore,HOU,19,25,7,18,20.1,12,4.2,10,42.2,1.7,4.8,34.7,1.8,2.6,70.8,1,3.3,4.3,1,1,0.5,0.4,1.6,20.5,1,0,0.6
Dalano Banton,POR,24,23,10,13,21.7,12,4.5,10.9,41.6,1.2,4.2,29.2,1.7,2.1,81.3,1,3,3.9,3,2,0.9,0.5,1.3,23.4,1,0,-5.7
Bobby Portis,MIL,29,40,18,22,24.9,12,4.8,10.2,47.2,0.9,2.8,33.6,1.4,1.9,75,1.5,5.8,7.3,1.2,1.2,0.9,0.4,2.2,25.3,6,0,-3.7
Nic Claxton,BKN,25,36,9,27,29.4,11.9,5.2,8.1,64.1,0,0.1,33.3,1.6,2.8,55.9,2.7,7.2,9.9,2,1.2,0.6,1.7,2.6,32.7,15,0,-7.2
Malik Beasley,MIL,27,40,18,22,29,11.9,4.3,9.6,44.8,3,7.3,41.7,0.3,0.4,78.6,0.3,3.1,3.4,1.2,0.7,0.6,0.1,1.9,19.2,1,0,3.3
Javonte Green,CHI,30,6,3,3,24.6,11.8,5,8.3,60,1.3,3.5,38.1,0.5,0.8,60,1.7,4.7,6.3,0.5,0.7,1.3,1,2.2,26.5,0,0,0.5
Mike Conley,MIN,36,37,24,13,29.2,11.7,3.9,8.4,46.5,2.4,5.3,44.6,1.5,1.6,93.3,0.5,2.5,2.9,5.6,1.4,0.8,0.2,1.5,25.4,3,0,2
Jonas Valanciunas,NOP,31,42,28,14,23.2,11.7,4.6,8.1,56.1,0.5,1.5,32.8,2,2.7,75.4,2,6.7,8.7,2.1,1.1,0.4,0.8,2.8,27.7,14,0,2
Jaime Jaquez Jr.,MIA,23,38,23,15,28.9,11.7,4.5,9.2,49.1,1,2.8,36.1,1.6,2,80.3,1.1,2.4,3.5,2.6,1.5,1.1,0.2,2.2,22.3,0,0,-0.7
Clint Capela,ATL,29,36,14,22,26.1,11.6,4.6,8.6,54,0,0,0,2.3,3.6,63.8,4.8,6.2,11,1.4,1.3,0.7,1.4,2.4,31.9,19,0,-1.4
Brook Lopez,MIL,36,37,17,20,30.1,11.6,4.3,9.2,46.8,1.6,4.8,33.1,1.3,1.5,89.1,1.6,3.4,5,1.5,0.9,0.5,2.3,2.5,27.2,3,0,2.2
Tyus Jones,WAS,27,36,7,29,29.4,11.5,4.8,10,47.9,1.6,3.8,41.9,0.4,0.5,77.8,0.3,2.2,2.5,7.4,0.9,1.3,0.3,0.7,29.2,5,0,-5.9
Cole Anthony,ORL,23,40,18,22,23.2,11.5,4.1,9.5,42.5,1.1,3.5,30.2,2.3,2.8,82.1,0.7,3,3.6,3,1.6,0.9,0.5,2.1,22.8,1,0,-0.2
Josh Giddey,OKC,21,41,24,17,25.4,11.4,4.7,10,47.5,1.1,2.9,37.6,0.9,1.1,78.3,1.4,4.7,6,4.8,2.1,0.7,0.4,1.5,27.3,5,2,1.5
Alec Burks,NYK,32,31,8,23,19.3,11.4,3.4,8.7,39.4,2,5,40.9,2.5,2.9,86.7,0.5,2.2,2.6,1.5,0.7,0.3,0.2,1.5,17.6,0,0,-3.8
Jalen Suggs,ORL,22,37,16,21,26.2,11.4,4.1,9.1,44.8,1.9,5.1,38.3,1.3,1.8,73.8,0.7,2.4,3.1,2.4,1.6,1.4,0.6,2.8,23,0,0,-3.6
Marvin Bagley III,WAS,25,26,4,22,20.7,11.2,4.7,8,58.4,0.1,0.2,33.3,1.8,2.3,75.4,2.8,3.1,6,1.3,1.3,0.5,0.8,1.3,22.8,5,0,-4.8
Daniel Gafford,DAL,25,37,16,21,24.3,11.2,4.8,6.3,76.3,0,0,0,1.6,2.5,65.6,2.5,4.8,7.2,1.6,1,0.9,2.1,2.9,30.3,7,0,0.5
Wendell Carter Jr.,ORL,25,29,13,16,25.5,11.2,4,7.6,52.7,1.5,3.3,45.4,1.7,2.4,69,2.1,4.5,6.6,1.8,1.2,0.4,0.4,2.4,23.2,5,0,-3.5
Russell Westbrook,LAC,35,34,21,13,24,11.2,4.5,10.4,43.1,0.6,2.3,24.7,1.6,2.3,70.9,1.6,3.6,5.1,4.9,2.4,1.2,0.3,1.9,26.9,5,1,-0.7
Simone Fontecchio,DET,28,35,10,25,24.4,11.1,4.1,8.4,48.1,2.3,5.3,43.9,0.7,0.8,85.2,0.9,2.7,3.6,1.4,1,0.6,0.3,1.5,19.3,0,0,-4.3
Scotty Pippen Jr.,MEM,23,10,4,6,22.1,11.1,3.8,7.8,48.7,1.2,2.5,48,2.3,2.9,79.3,0.7,2.3,3,3.5,2.6,1.1,0.2,2.2,21.3,0,0,-1.9
Jakob Poeltl,TOR,28,24,9,15,26.5,11.1,5,7.6,66.1,0,0,0,1,1.7,60,2.8,6.1,8.8,2.5,1.6,0.6,1.3,3.2,29.4,9,0,-0.9
Obi Toppin,IND,26,41,21,20,21.1,11,4.4,7.1,61.3,1.3,3,44.4,0.9,1.3,71.7,1.1,2.7,3.9,1.5,0.9,0.6,0.5,1.9,20.3,0,0,0.2
Buddy Hield,PHI,31,42,21,21,26,11,4,9.6,42.2,2.4,6.4,36.8,0.5,0.5,91.3,0.8,2.5,3.4,2.8,1.1,0.9,0.5,2,22.3,0,0,-1.1
Jeremy Sochan,SAS,20,37,8,29,29.3,10.9,4.4,10.2,43.2,0.9,2.8,32,1.2,1.6,76.7,1.5,4.1,5.6,3.2,1.7,0.8,0.5,2.2,24.8,1,0,-6.5
Tre Mann,CHA,23,17,7,10,28.3,10.9,4.1,9.3,43.7,1.5,3.5,42.4,1.4,1.9,69.7,0.6,3.4,4,4.4,1.6,1.6,0,1.5,25.7,0,0,-2.3
Bruce Brown,TOR,27,30,11,19,28.3,10.9,4.2,9.1,46.7,0.6,2.1,28.6,1.9,2.4,77.8,1,3.1,4.1,2.8,1,0.9,0.4,2,22.8,2,0,-5.7
Luke Kennard,MEM,27,20,10,10,25.7,10.9,3.7,8.3,44.8,2.8,6,47.1,0.7,0.9,82.4,0.2,2.7,2.9,3.7,1.6,0.5,0.1,0.8,20,0,0,-4.9
T.J. McConnell,IND,32,36,19,17,19,10.9,5,9,55.1,0.2,0.6,31.8,0.7,0.9,78.8,0.5,2.1,2.6,5.7,1.9,1,0.1,1.1,24,2,0,-0.3
Zach Collins,SAS,26,36,9,27,22.1,10.9,4.4,9.2,47.6,0.9,2.8,32.3,1.2,1.8,67.2,1.6,3.8,5.4,2.8,2,0.4,0.8,2.9,23.1,0,0,-7.5
Lonnie Walker IV,BKN,25,28,8,20,18.7,10.9,4.1,9.4,43.9,1.8,4.9,37.5,0.8,1.1,74.2,0.3,2.4,2.7,1.6,0.8,0.5,0.5,1.4,18.5,0,0,0.3
Ivica Zubac,LAC,27,34,21,13,26.4,10.9,4.6,7.5,60.5,0,0,0,1.7,2.2,77.6,2.9,6.2,9.1,1.4,1.1,0.4,1.3,2.7,27.7,11,0,2.9
Moritz Wagner,ORL,26,39,17,22,18.2,10.8,4.2,6.7,63,0.5,1.3,38.5,1.9,2.3,82,1.3,2.9,4.2,1.3,1.1,0.5,0.3,2.1,19.2,1,0,0.9
P.J. Washington,DAL,25,38,15,23,29.2,10.8,4,9.9,40.3,1.7,5.4,31.9,1.1,1.7,62.5,1.2,4.2,5.4,1.9,1.3,1,0.7,2.3,24.2,2,0,-2.4
Amen Thompson,HOU,21,31,12,19,23.2,10.7,4.3,7.7,56.3,0.2,0.9,17.2,1.9,2.8,69,2.6,4.2,6.9,3,1.7,1.3,0.8,2.2,27.9,10,1,-0.6
Jaden McDaniels,MIN,23,37,23,14,29.2,10.7,4.5,9.2,48.2,0.9,3.4,28.2,0.9,1,84.2,0.8,2.4,3.2,1.3,0.8,0.9,0.4,3.2,19.6,0,0,1.6
Isaiah Stewart,DET,22,18,3,15,30.6,10.7,4.1,8.6,47.7,1.4,3.7,39.4,1.1,1.5,70.4,2.1,4.8,6.9,1.5,1.4,0.3,0.8,2.4,23.1,3,0,-5.9
Herbert Jones,NOP,25,38,26,12,30.5,10.7,3.7,7.4,49.5,1.6,3.6,43.8,1.8,2.1,83.8,1.1,2.4,3.6,2.5,1.4,1.1,0.8,2.9,23,0,0,3.2
Patrick Williams,CHI,22,20,6,14,28.1,10.7,3.8,8.5,45,1.7,3.7,45.2,1.5,1.8,82.9,1.3,3.1,4.4,1.6,1.3,0.7,0.8,2.3,21.4,0,0,-1.4
Eric Gordon,PHX,35,37,21,16,27.7,10.6,3.8,9.4,41,2.2,6.2,35.4,0.7,0.9,81.8,0.3,1.5,1.8,1.9,0.9,0.9,0.5,1.2,19,0,0,-1.2
Vince Williams Jr.,MEM,23,26,11,15,27.8,10.4,3.4,7.7,44.5,1.7,4.1,41.5,1.9,2.2,84.5,1.3,4.3,5.7,3.1,1.3,0.9,0.6,2.7,25.1,1,0,0.3
Onyeka Okongwu,ATL,23,27,10,17,25.6,10.4,4.2,6.7,63.3,0.6,1.7,35.6,1.4,1.9,71.2,2.4,4.5,6.9,1.4,0.7,0.6,1.1,2.9,25.1,3,0,-1.3
Spencer Dinwiddie,LAL,31,35,16,19,27.4,10.4,3.3,8.6,38.4,1.7,4.9,33.9,2.1,2.7,77.9,0.5,2.3,2.9,5,1.3,0.6,0.3,2,22.9,3,0,-1.3
Nick Richards,CHA,26,34,7,27,27.1,10.4,4.3,6.2,68.9,0,0,0,1.8,2.5,71.4,3,5.9,8.9,0.8,1,0.4,1.2,2.6,26.2,13,0,-8.7
Luguentz Dort,OKC,25,40,23,17,28.5,10.2,3.4,8,42,1.8,4.8,37,1.7,2.2,79.3,1,2.7,3.7,1.4,1.1,0.9,0.4,3.1,19.5,0,0,-0.1
Santi Aldama,MEM,23,31,15,16,25.7,10.2,3.8,8.8,43.4,1.5,4.5,33.3,1,1.4,69.8,1,4.7,5.7,2.3,1.3,0.7,1.1,1.2,24.7,3,0,-4.6
Jake LaRavia,MEM,22,17,6,11,23.6,10.1,3.1,8.6,36.1,1.5,4.4,33.3,2.4,3.1,77.4,1.5,2.6,4.1,1.7,1.3,0.6,0.4,1.9,19.3,2,0,-4.5
Caleb Martin,MIA,28,28,17,11,28.5,10.1,3.9,9,43,1.1,3.7,30.1,1.3,1.7,76.6,1,3.5,4.5,2.1,1.3,0.8,0.5,2,21.3,1,0,1.8
Malaki Branham,SAS,20,40,10,30,21.3,10,3.9,9,43.3,1.5,3.9,38.7,0.7,0.8,90.3,0.4,1.6,2,1.8,1.3,0.4,0.1,1.5,15.1,0,0,-5.8
Reggie Jackson,DEN,34,41,24,17,22.5,10,4,8.9,44.5,1.2,3.3,36.3,0.8,1,79.1,0.3,1.4,1.7,3.9,1.4,0.5,0.1,1.6,18.5,1,0,-3.1
Jusuf Nurkic,PHX,29,37,23,14,27,9.8,3.8,7.4,51.8,0.2,0.8,19.4,2.1,3.3,62.3,2.8,7.6,10.4,4.3,2.2,1.3,1.1,3.2,33.5,11,0,5.2
Taurean Prince,LAL,30,39,19,20,28.2,9.8,3.6,7.5,47.4,2,4.6,43.8,0.7,0.9,79.4,0.3,2.6,2.9,1.6,1.1,0.7,0.5,1.9,18.4,0,0,-2
Kevin Huerter,SAC,25,32,18,14,24.4,9.7,3.8,8.9,42.3,1.8,5.3,33.5,0.4,0.6,66.7,0.7,3,3.7,2.7,0.8,0.8,0.3,2,20.6,2,0,-0.8
Grant Williams,CHA,25,36,16,20,28.3,9.7,3.3,7.9,42.1,1.5,4.5,33.7,1.5,1.9,77.1,1.2,2.8,3.9,2,1.5,0.6,0.7,2.8,19.7,1,0,-4.1
Gordon Hayward,OKC,34,25,10,15,22.9,9.6,3.6,8,44.8,0.6,1.7,37.2,1.7,2.3,75.4,0.8,2.3,3,3,1.2,0.6,0.3,1.1,19.1,0,0,-5.7
Alex Caruso,CHI,30,34,17,17,28.8,9.5,3.5,7.5,46.7,1.8,4.7,38.4,0.7,0.9,80.6,0.7,2.9,3.6,3.7,1.3,1.8,1,2.7,26.7,0,0,-0.3
Talen Horton-Tucker,UTA,23,26,3,23,18.8,9.5,3.2,8.9,35.3,0.8,3.2,26.8,2.3,2.9,80,0.5,1.8,2.4,3,1.2,0.8,0.3,1.7,18.9,1,0,-3.6
Tre Jones,SAS,24,40,10,30,26.4,9.2,3.6,7.3,50,0.7,2.3,29.7,1.3,1.5,86.2,0.6,3,3.6,6.2,1.6,1.1,0.1,1.1,24.9,3,1,-1.4
Brandin Podziemski,GSW,21,35,21,14,27,9.2,3.8,8.3,45.4,0.9,2.7,33.3,0.7,1,69.4,1.7,3.9,5.6,3.8,1.1,1.1,0.2,1.9,24.3,5,0,5.5
Jalen Smith,IND,24,27,14,13,16.6,9.1,3.6,6.4,56.4,0.9,2.2,40,1.1,1.6,65.9,1.7,3.6,5.3,0.9,0.6,0.3,0.6,1.6,18.9,1,0,-2.9
Dereck Lively II,DAL,20,29,19,10,22.1,9.1,4.1,5.4,76.9,0,0.1,0,0.9,1.5,58.1,2.1,5,7.1,1.2,0.8,0.8,1.1,2.5,24.4,5,0,3.2
Sam Hauser,BOS,26,40,27,13,21.4,9.1,3.2,6.8,47.1,2.6,5.9,43.6,0.1,0.1,100,0.6,2.7,3.3,0.9,0.4,0.6,0.4,1.2,16.9,0,0,3.4
Kevin Love,MIA,35,27,16,11,16.1,9.1,3,6.3,48.2,1.4,4.1,34.2,1.6,2.2,72.9,1.1,4.6,5.8,1.7,0.9,0.2,0.2,1.7,18.9,2,0,2.4
Kentavious Caldwell-Pope,DEN,31,38,22,16,31.5,9.1,3.3,7.8,41.6,1.3,3.7,35.2,1.2,1.4,86.8,0.5,2.1,2.6,2.3,1,1.4,0.6,1.8,20.8,0,0,5
Bilal Coulibaly,WAS,19,34,7,27,28.6,9,3.1,7.5,41.4,1.2,3.3,36.3,1.6,2.4,65.9,1,3.6,4.5,1.9,1.2,1.1,0.8,2.4,21.8,1,0,-5.6
Marcus Sasser,DET,23,37,5,32,19.8,9,3.2,7.7,42.3,1.3,3.5,38.3,1.2,1.4,84.3,0.2,1.6,1.8,3.5,1.3,0.7,0.2,1.4,17.7,1,0,-2.8
Isaac Okoro,CLE,23,32,18,14,27.2,9,3.3,6.8,47.5,1,3.1,33.3,1.4,2,71.9,0.6,1.9,2.6,1.8,0.9,0.9,0.5,2.4,18.1,0,0,-0.9
Duop Reath,POR,27,35,8,27,18.6,8.9,3.4,7.2,47.2,1.3,3.7,35.7,0.8,1.3,64.4,1.1,2.4,3.5,1.2,0.8,0.5,0.6,2.4,17.5,1,0,-4.6
Draymond Green,GSW,34,31,21,10,27,8.9,3.5,6.7,52.2,0.9,2.3,41.4,1,1.5,71.1,1.2,6,7.2,5.9,2.5,0.9,0.8,3.1,28.9,5,0,3.2
Kelly Olynyk,TOR,33,38,12,26,22.3,8.9,3.3,6.1,55,0.8,2.1,37.5,1.4,1.9,76.4,1.1,3.9,5.1,4.4,1.9,0.8,0.3,2.9,22.9,1,0,-5.2
Andrew Nembhard,IND,24,34,18,16,25.2,8.8,3.5,7.5,47.1,0.8,2.5,32.6,0.9,1.1,79.5,0.4,1.6,1.9,4.2,1.4,0.9,0.1,2.1,19,0,0,-1.7
Taylor Hendricks,UTA,20,18,4,14,23.8,8.8,3.2,6.6,48.3,1.6,3.7,42.4,0.9,1.1,84.2,1.4,3.4,4.9,0.8,0.9,0.7,0.7,1.9,19.1,0,0,-7.9
Chris Paul,GSW,38,29,18,11,25.1,8.7,3.4,8.1,42.4,1.1,3.4,33,0.7,0.8,83.3,0.3,3.6,3.9,5.9,1.3,1.3,0.1,1.8,24.9,2,0,2.3
Terance Mann,LAC,27,37,25,12,25.6,8.6,3.4,6.7,49.8,1,2.9,34.9,0.9,1.2,81.4,1.3,2.4,3.7,1.6,0.7,0.6,0.2,2,16.9,2,0,2.3
Nickeil Alexander-Walker,MIN,25,41,26,15,23.9,8.6,3,6.4,47.5,1.7,3.9,43.4,0.9,1,81.4,0.5,1.6,2.1,2.6,0.9,0.7,0.4,1.8,17.5,0,0,3.1
Josh Richardson,MIA,30,19,12,7,26.3,8.6,3.1,8.5,36,1.3,4.6,28.4,1.2,1.2,100,0.5,2.5,3,2.6,0.9,0.6,0.5,1.7,18.5,0,0,-3.3
Jaylen Nowell,DET,24,8,2,6,19,8.6,3.6,7.5,48.3,0.5,2.5,20,0.9,1.1,77.8,0.5,1.6,2.1,1.4,0.6,0.5,0.3,1.3,14.9,0,0,-4.1
Kevin Knox II,DET,24,14,1,13,19.9,8.6,3.3,7,46.9,1.2,3.6,34,0.8,0.9,84.6,0.8,1.8,2.6,0.6,0.6,0.5,0.2,1.6,14.2,1,0,-2.3
Josh Green,DAL,23,27,15,12,25.8,8.6,3.2,6.5,48.9,1.4,3.4,41.8,0.8,0.9,84,0.7,2.1,2.8,2.1,0.8,0.7,0,1.6,16.7,0,0,-2.4
Brice Sensabaugh,UTA,20,13,2,11,20.7,8.5,3,7.7,39,1.1,4.1,26.4,1.5,1.8,82.6,0.5,2.6,3.1,1.7,2.3,0.7,0.5,1.5,15.9,0,0,-8.2
Gradey Dick,TOR,20,30,8,22,20.9,8.5,3.2,7.5,43.1,1.5,3.9,38.1,0.6,0.7,85,0.4,2,2.4,1.3,0.8,0.6,0,1.2,14.5,0,0,-5.4
Al Horford,BOS,37,33,23,10,27.4,8.5,3.3,6.6,49.8,1.6,4,40.5,0.4,0.4,85.7,1.3,5,6.3,2.6,0.7,0.5,1,1.5,23.5,2,0,2.7
Markelle Fultz,ORL,25,20,8,12,22.9,8.5,4,8.3,47.9,0.1,0.5,10,0.6,0.8,73.3,1.1,2.1,3.2,2.9,1.2,0.9,0.5,1.6,19.5,0,0,-2.8
Tristan Vukcevic,WAS,21,2,1,1,16.2,8.5,3,7.5,40,1.5,4.5,33.3,1,1,100,1.5,4.5,6,2,1.5,0,1.5,3,21.7,0,0,0
Walker Kessler,UTA,22,30,8,22,24.2,8.5,3.7,5.8,63.8,0.1,0.4,25,1,1.6,63.8,2.8,4.7,7.5,0.9,1,0.5,2.4,1.9,26.5,4,0,-5
Jabari Walker,POR,21,36,9,27,24.3,8.3,3.1,7.1,43.4,0.5,2.1,22.4,1.7,2.2,78.2,2,5.5,7.5,1.1,1.1,0.6,0.3,2.5,20.4,7,0,-5.4
Georges Niang,CLE,30,41,22,19,22.1,8.3,3.1,7,43.8,1.5,4.1,36.1,0.7,0.8,84.8,0.3,3.2,3.5,1.1,0.9,0.4,0.2,2.2,14.9,0,0,-2.4
Isaiah Joe,OKC,24,40,24,16,18.8,8.3,2.8,6.3,44.8,2,4.7,41.5,0.7,0.8,84.4,0.5,1.9,2.4,1.3,0.6,0.7,0.3,1,15.4,0,0,2.9
Kyle Lowry,PHI,38,33,15,18,28.3,8.2,2.8,6.9,40.1,1.8,4.7,37.7,1,1.2,84.2,0.6,2.6,3.2,4.3,1.5,0.9,0.3,2.4,20.8,2,0,-1.7
Moses Moody,GSW,21,33,21,12,18.3,8.2,3,6.2,47.6,1.2,3,39.4,1.1,1.5,74,0.9,2.2,3.1,1.2,0.8,0.7,0.4,1.5,16.1,0,0,2.8
Dorian Finney-Smith,BKN,30,36,11,25,27.3,8.2,3.1,7.5,41.3,1.5,4.7,32.4,0.5,0.7,79.2,1.6,3.2,4.7,1.3,0.8,0.9,0.5,2.4,19.3,0,0,-5.3
Tari Eason,HOU,22,10,3,7,21.8,8.2,3.3,7.2,45.8,0.2,1.3,15.4,1.4,2,70,1.6,4.6,6.2,0.8,0.8,1.2,1,2.5,22.6,0,0,0.4
Christian Braun,DEN,23,41,24,17,20.4,8,3,6.5,46.4,0.9,2.2,41.6,1.1,1.4,77.6,1,2.9,4,1.8,0.7,0.6,0.5,1.6,18,1,0,-2
Ausar Thompson,DET,21,32,5,27,25.7,8,3.2,7.5,42.7,0.3,1.7,16.4,1.3,2.2,60,2,4.8,6.8,2.3,1.6,0.9,0.9,2.9,23.5,1,0,-3.8
Evan Fournier,DET,31,18,4,14,18.9,8,2.9,7.8,36.9,1.3,4.7,27.4,0.9,1.2,77.3,0.2,1.6,1.8,1.3,0.7,0.9,0.3,1.4,15,0,0,-4.6
Isaiah Hartenstein,NYK,25,38,22,16,25,8,3.2,4.9,65.4,0,0.1,33.3,1.5,2.2,68.3,2.8,5.1,7.9,2.4,1.3,1.2,1.2,2.6,26.8,5,0,4.7
Nikola Jovic,MIA,20,26,13,13,18.8,8,2.8,5.8,49.3,1.5,3.4,43.8,0.8,1.1,71.4,0.4,4.2,4.6,1.5,0.8,0.3,0.3,1.8,16.8,0,0,3.3
James Wiseman,DET,23,32,5,27,19.6,7.9,3.3,5.6,59,0,0.1,0,1.4,1.9,71,2,3.7,5.6,0.9,1.2,0.3,0.6,2.4,17.6,4,0,-5.4
Trendon Watford,BKN,23,33,8,25,14.4,7.9,3,5.3,55.7,0.6,1.2,50,1.4,1.7,78.9,1,2.3,3.3,1.2,1.1,0.4,0.3,1.8,14.6,1,0,-0.1
Derrick Rose,MEM,35,9,3,6,16.6,7.9,2.9,6.2,46.4,0.8,1.7,46.7,1.3,1.4,92.3,0.2,1.7,1.9,3,1.8,0.6,0.2,1,15.2,0,0,0.7
Ziaire Williams,MEM,22,26,13,13,19.9,7.9,2.7,7.4,36.5,1,3.9,26.5,1.5,1.7,88.4,0.6,2.8,3.4,1.6,1.3,0.6,0.3,1.9,15.6,1,0,-5.2
Miles McBride,NYK,23,34,20,14,18.5,7.9,2.9,5.9,48.5,1.6,3.6,44.7,0.5,0.6,85.7,0.4,0.9,1.3,1.6,0.4,0.6,0.1,1.6,13.7,0,0,0.8
Josh Hart,NYK,29,41,23,18,32.4,7.8,3,7.4,40.8,0.9,2.9,29.2,0.9,1,90.2,1.5,6.3,7.8,3.8,1.2,1,0.3,2.2,25.3,10,2,5.1
Cameron Payne,PHI,29,39,18,21,17,7.8,2.8,6.4,43.2,1.5,3.6,41.7,0.8,0.9,81.1,0.2,1.2,1.4,2.6,0.9,0.5,0.2,1.7,14.7,0,0,-0.6
Jordan Nwora,TOR,25,24,4,20,15.1,7.8,2.9,6.2,46.6,1,2.8,35.3,1,1.2,86.2,0.5,2.7,3.3,1.6,0.9,0.5,0.3,0.9,15.3,2,0,-3.7
Isaiah Jackson,IND,22,30,17,13,15,7.8,3.3,4.8,69.2,0,0,0,1.2,1.7,67.3,2,3.3,5.3,1.1,0.9,0.8,1.2,2.6,20.9,4,0,1
Trayce Jackson-Davis,GSW,24,34,21,13,16.3,7.7,3.1,4.7,65.2,0,0,0,1.5,2.3,65.4,2.1,2.6,4.7,1.3,0.6,0.5,1.1,1.6,19.5,1,0,0.3
Payton Pritchard,BOS,26,41,27,14,21.9,7.7,2.8,7,40.1,1.4,4.5,32.2,0.6,0.8,74.2,0.8,2.4,3.2,3.3,0.6,0.4,0,1.1,17.2,1,0,3.6
Derrick Jones Jr.,DAL,27,39,25,14,21.4,7.6,2.7,6,45.5,0.9,3.1,29.4,1.3,1.7,72.1,0.9,2.1,2.9,1,0.7,0.7,0.6,1.4,16,0,0,-0.1
Naji Marshall,NOP,26,32,22,10,19.5,7.6,2.8,5.9,47.9,0.9,2.3,41.7,1.1,1.4,73.9,0.9,3.4,4.3,2.1,0.9,0.8,0.1,1.4,17.9,0,0,5
Jordan Hawkins,NOP,21,34,20,14,17.2,7.5,2.6,6.6,38.9,1.5,4.1,35.5,0.9,1.1,83.3,0.4,1.9,2.4,1,0.7,0.4,0.1,1.1,12.5,0,0,1.6
Jose Alvarado,NOP,26,31,23,8,20.3,7.5,2.5,6.1,41.8,1.6,3.7,42.6,0.8,1.2,72.2,0.5,2.2,2.7,2.3,0.6,1,0.2,1.8,17.4,0,0,5.6
Toumani Camara,POR,23,33,8,25,25.2,7.5,2.7,6.2,43.7,0.8,2.5,32.5,1.2,1.6,72.2,1.7,3,4.8,0.9,1.3,1.1,0.8,2.8,18.6,0,0,-3.4
Chris Boucher,TOR,31,25,6,19,14.8,7.4,2.6,4.4,57.7,0.8,2,37.3,1.6,1.9,83,1.2,3,4.2,0.5,0.8,0.2,0.4,1.7,14.4,0,0,0.4
Paul Reed,PHI,24,41,22,19,20.5,7.4,3.1,5.8,54.4,0.3,0.8,42.4,0.8,1.2,68.8,2,3.6,5.6,1.5,1,1,1,2.6,21.6,3,0,1
Sam Merrill,CLE,27,31,17,14,16.8,7.4,2.4,6.1,39.2,2.2,5.5,39,0.5,0.5,93.8,0.2,1.6,1.9,1.7,0.4,0.2,0.1,1,12.7,0,0,-0.8
Dario Saric,GSW,30,29,16,13,16.9,7.4,2.5,5.6,45.3,1.1,3.1,34.8,1.3,1.7,79.2,1.1,3.2,4.4,2.2,1.1,0.4,0.1,1.7,16.4,1,0,0.2
Andre Drummond,CHI,30,38,17,21,16.3,7.4,3,5.7,51.8,0,0.1,0,1.4,2.6,55,3.1,5,8.1,0.3,0.8,0.8,0.4,1.7,20.3,6,0,-2.1
Dante Exum,DAL,28,31,21,10,19.4,7.4,2.9,5.6,51.7,0.9,1.9,46.7,0.6,0.8,80,0.5,1.8,2.3,2.8,0.9,0.3,0.1,1.7,14.5,0,0,4.7
Robert Williams III,POR,26,3,1,2,22.6,7.3,3,4.7,64.3,0,0,0,1.3,1.7,80,1.3,6,7.3,1,1.3,1.7,2,3.3,27.3,0,0,-6.3
Killian Hayes,DET,22,19,3,16,23.7,7.3,3.1,7.5,40.6,0.5,2.2,24.4,0.7,1.3,54.2,0.3,2.6,2.9,4.4,1,0.7,0.4,1.7,19.9,0,0,-7.8
Malachi Flynn,DET,25,33,11,22,14.2,7.3,2.7,5.9,45.6,1,2.9,35.8,0.8,1.1,75.7,0.3,1.7,2,2.1,1,0.8,0.1,1.1,14.4,0,0,-3.9
Jaden Hardy,DAL,21,36,21,15,13.3,7.1,2.7,6.8,39.8,1.1,3.1,35.1,0.6,0.8,81.5,0.2,1.2,1.4,1.3,1,0.3,0,1,10.8,0,0,-3.2
Gary Harris,ORL,29,29,14,15,24.4,7.1,2.4,5.6,43.6,1.5,3.8,40,0.7,1,75,0.3,1.2,1.5,1.7,0.6,0.8,0.2,1.8,14,0,0,-2.9
Julian Champagnie,SAS,22,39,9,30,18.3,7.1,2.4,5.6,42.3,1.3,3.7,35.9,1,1.2,85.1,0.7,2.3,3,1.3,0.7,0.7,0.6,0.9,15.7,0,0,-2.5
Cody Martin,CHA,28,16,3,13,26.9,7.1,2.6,7.6,34.4,0.9,3.6,26.3,0.9,1.4,65.2,0.9,2.8,3.7,3.6,1.3,1.5,0.6,1.6,22,1,0,-9.8
Jeff Green,HOU,37,40,13,27,17,7.1,2.3,5,46.3,0.8,2.2,34.9,1.7,2.1,81.9,0.7,1.7,2.4,1.1,0.6,0.2,0.4,1.2,12.6,0,0,-3.5
Johnny Juzang,UTA,23,11,1,10,17.2,7.1,2.4,5.1,46.4,1.7,3.9,44.2,0.6,1,63.6,0.2,1,1.2,1.1,0.4,0.4,0.1,1.5,11.1,0,0,-0.5
Marcus Morris Sr.,CLE,34,27,13,14,16.9,7,2.7,6.2,43.1,0.8,2.6,31,0.9,1,85.7,0.5,2.4,3,0.7,0.8,0.2,0.3,1.7,12.4,0,0,-4.4
Trey Lyles,SAC,28,29,16,13,21.1,7,2.4,5.5,44.4,1.4,3.8,36.4,0.8,1.1,68.8,0.9,3.7,4.7,1.1,0.8,0.5,0.3,1.6,15.8,1,0,3.8
Cason Wallace,OKC,20,41,24,17,20.3,7,2.7,5.6,48.2,1.3,2.9,43.3,0.4,0.5,84.2,0.7,1.4,2.1,1.3,0.5,1.1,0.4,1.5,15.6,0,0,-0.5
Christian Wood,LAL,28,26,10,16,17.6,7,2.5,5.5,45.1,0.8,2.6,29.4,1.2,2,62.7,0.7,4.3,4.9,0.8,0.8,0.3,0.5,1.2,15.5,1,0,-3.4
Davis Bertans,CHA,31,19,7,12,16,6.9,2.2,5.9,37.2,1.8,5,36.8,0.6,0.7,92.3,0.3,1.1,1.3,0.8,0.6,0.6,0.4,1.2,12.1,0,0,-3.1
Quentin Grimes,DET,23,25,13,12,20.6,6.9,2.4,6.5,37,1.8,5,35.2,0.3,0.5,66.7,0.2,1.5,1.8,1.3,0.5,0.6,0.2,1.8,13,0,0,0
Ricky Council IV,PHI,22,16,8,8,10.5,6.9,2.2,3.9,55.6,0.4,0.8,53.8,2.1,2.6,78.6,0.8,0.9,1.6,0.6,0.1,0.4,0.1,0.4,11.2,1,0,3.5
Aaron Wiggins,OKC,25,38,23,15,16.1,6.9,2.7,4.9,55.4,0.7,1.3,49,0.8,0.9,83.3,0.7,1.5,2.2,1.1,0.7,0.9,0.3,1.2,14,0,0,-0.6
Adama Sanogo,CHI,22,5,2,3,11.5,6.8,2.6,5.2,50,0,0,0,1.6,2.4,66.7,3.6,3,6.6,0,0.8,0.2,0,1,14.5,1,0,4.6
Nick Smith Jr.,CHA,20,26,4,22,15.1,6.8,2.5,6.1,40.3,1.5,3.3,44.7,0.4,0.4,90.9,0.3,1.2,1.6,1.3,0.8,0.1,0.2,1,10.9,0,0,-2.6
David Roddy,PHX,23,36,17,19,18.4,6.7,2.6,6.5,39.9,0.7,2.4,29.4,0.8,1.2,67.4,0.9,2.4,3.2,1.3,0.9,0.4,0.2,1,13.6,0,0,-2.3
Vasilije Micic,CHA,30,30,15,15,19.2,6.6,2.5,5.6,45.2,0.7,2.2,32.3,0.9,1,89.7,0.2,1.1,1.3,3.6,1.6,0.5,0.1,0.9,13.8,0,0,-2.9
Precious Achiuwa,NYK,24,30,14,16,19.5,6.5,2.6,5.2,51,0.4,1.1,35.3,0.8,1.5,56.8,2.3,3.6,5.9,1.3,1.1,0.6,0.6,2.1,17.9,4,0,-0.9
RaiQuan Gray,SAS,24,2,1,1,8.2,6.5,2.5,4,62.5,1.5,2.5,60,0,0,0,0,1,1,1,0.5,0.5,0,0,10.2,0,0,-0.5
Ochai Agbaji,TOR,23,40,12,28,22.2,6.5,2.6,5.6,45.9,0.9,2.7,34.6,0.5,0.7,69.2,1,1.9,2.9,1.2,0.9,0.6,0.6,1.4,14.2,0,0,-5
Gary Payton II,GSW,31,24,18,6,16.8,6.5,2.8,4.7,58.9,0.6,1.4,44.1,0.3,0.5,72.7,1.3,1.5,2.8,1.3,0.7,1.1,0.6,1.8,16.1,0,0,1.7
Patrick Beverley,MIL,35,38,18,20,19.7,6.4,2.2,5,43.4,0.6,2.2,28.9,1.5,1.7,84.8,0.7,2.4,3,2.9,0.9,0.5,0.4,1.9,16.3,1,0,-6.1
Darius Bazley,UTA,23,5,1,4,19.5,6.4,2.4,3.8,63.2,0.4,1,40,1.2,1.6,75,1,2.2,3.2,0.8,1.2,1,1,0.6,16.2,0,0,-5.4
Amir Coffey,LAC,26,36,25,11,20.3,6.4,2.3,4.7,47.9,0.9,2.4,37.6,1,1.1,87.8,0.4,1.6,1.9,1.1,0.7,0.8,0.2,1.4,12.5,0,0,-1.8
Dennis Smith Jr.,BKN,26,27,7,20,17.5,6.4,2.4,5.5,43.6,0.6,1.8,35.4,0.9,1.1,80.6,0.7,1.7,2.4,3.1,1.3,1.1,0,2.1,16,0,0,-2.1
Daniel Theis,LAC,32,26,18,8,18,6.3,2.7,4.9,54.3,0.5,1,48.1,0.5,0.7,63.2,1.6,3,4.6,1.3,0.6,0.3,0.6,2.3,16,0,0,1.2
Lamar Stevens,MEM,26,18,10,8,14.4,6.2,2.4,5.7,42.2,0.3,1.2,28.6,1.1,1.4,80,1.1,1.9,3,0.8,0.6,0.4,0.5,1.2,13.2,0,0,-0.1
Day'Ron Sharpe,BKN,22,32,10,22,14,6.2,2.6,4.6,56.8,0,0.2,14.3,1,1.8,55.2,2.5,3.8,6.3,1.2,1.3,0.4,0.6,2,17.4,2,0,0.5
Mo Bamba,PHI,25,27,12,15,15.6,6.2,2.4,4.4,53.8,0.6,1.6,39.5,0.8,1.1,71,1.6,3,4.7,0.8,0.6,0.4,1.1,2.1,17.1,0,0,-1.4
Kyle Anderson,MIN,30,40,26,14,23,6.1,2.4,5.7,42.3,0.1,0.6,8.7,1.3,1.8,70.8,0.9,2.8,3.7,4.2,1.3,1,0.5,1.7,19.9,0,0,2.9
Landry Shamet,WAS,27,24,5,19,15.4,6.1,2.2,5.1,43.4,1.2,3,39.7,0.5,0.8,63.2,0.4,1,1.4,1,0.8,0.5,0.2,1.7,10.7,0,0,-3.6
Aaron Holiday,HOU,27,40,14,26,15.4,6.1,2.3,5.1,44.4,0.9,2.6,34.3,0.7,0.7,89.7,0.3,1.1,1.4,1.8,0.7,0.6,0.1,1.7,11.8,0,0,0.5
Bryce McGowens,CHA,21,31,7,24,16.2,6.1,2.1,4.3,48.9,0.6,1.8,35.7,1.2,1.6,77.6,0.3,1.5,1.9,1.1,0.6,0.5,0.3,1.5,11.6,0,0,-4.8
Haywood Highsmith,MIA,27,32,21,11,21.4,6,2.2,5.4,41,1.1,3.3,32.4,0.5,0.8,65.4,1,2.3,3.3,1.2,0.6,0.9,0.7,1.9,16.1,0,0,-0.2
Cedi Osman,SAS,29,37,7,30,16.3,6,2.3,4.9,46.4,0.9,2.6,34.7,0.5,0.8,71.4,0.4,2.5,2.9,1.8,0.6,0.4,0.1,1.2,12.9,0,0,-5.3
Wenyen Gabriel,MEM,27,1,0,1,21.2,6,3,5,60,0,2,0,0,3,0,0,5,5,0,2,1,0,1,13,0,0,-5
Danilo Gallinari,MIL,35,28,9,19,12.9,5.9,1.9,4.1,46.5,0.7,1.9,37.7,1.4,1.8,80,0.4,1.8,2.2,0.8,0.5,0.3,0.1,1.1,10.6,0,0,-2.5
Jordan Goodwin,MEM,25,25,15,10,16.3,5.9,2.4,6.2,39.6,0.7,2.2,30.9,0.4,0.6,64.3,1.5,2.9,4.4,2.4,0.9,0.8,0.2,1.1,17,2,0,2.8
Javon Freeman-Liberty,TOR,24,10,1,9,18.5,5.9,2,4.8,41.7,0.5,2.1,23.8,1.4,1.4,100,0.5,2,2.5,2.6,1.7,0.4,0.4,1.2,13.5,0,0,-4.6
Jonathan Isaac,ORL,26,30,15,15,15.7,5.9,2.2,4.4,49.6,0.6,1.6,36.2,1,1.4,71.4,1.1,3.3,4.5,0.5,0.4,0.8,1.1,0.8,17.5,0,0,1.9
Larry Nance Jr.,NOP,31,32,20,12,20.6,5.9,2.3,3.8,59.8,0.4,1,41.9,0.9,1.3,70.7,1.5,3.6,5.1,2,0.7,1.2,0.4,1.4,18.9,1,0,2.7
Pat Connaughton,MIL,31,39,18,21,21.1,5.9,2,4.3,46.7,1.2,3.2,38.4,0.6,0.9,69.4,0.7,2.6,3.3,1.5,0.6,0.3,0.2,1.1,13.2,0,0,-2.9
Jontay Porter,TOR,24,13,3,10,15.6,5.8,2,4.7,42.6,1,2.8,36.1,0.8,1.1,78.6,1.2,2.4,3.6,2.5,0.8,1,0.8,1.4,18.5,0,0,-2.7
Jared Butler,WAS,23,19,2,17,12.6,5.8,2.3,4.8,47.8,0.4,1.4,25.9,0.8,1,84.2,0.2,1.3,1.5,2.8,1.1,0.6,0.3,1.2,13.6,0,0,-1.5
Dyson Daniels,NOP,21,31,19,12,23.3,5.8,2.4,5.2,45.6,0.6,2.1,27.3,0.5,0.8,65.4,1.1,3.1,4.2,2.6,1.1,1.5,0.5,1.5,19.7,1,0,0.6
Torrey Craig,CHI,33,27,10,17,19.6,5.8,2,4.6,43.5,1.1,2.7,41.1,0.7,0.9,76,1.4,3,4.4,1,0.7,0.5,0.4,2,14.8,1,0,-4.6
Luke Kornet,BOS,28,33,21,12,16,5.8,2.4,3.2,73.8,0,0,100,1,1.1,86.5,1.7,2.2,3.9,1.2,0.4,0.4,0.9,1.2,15.7,0,0,1.9
Collin Gillespie,DEN,24,9,3,6,11.3,5.8,2.1,4,52.8,1,1.9,52.9,0.6,1,55.6,0,1,1,1.3,0.8,0.7,0,0.9,10.2,0,0,4.9
Peyton Watson,DEN,21,40,24,16,17.9,5.8,2.3,5.3,43.2,0.4,1.7,25,0.8,1.2,62.5,0.6,2.3,2.9,0.9,0.8,0.4,1,1.7,14,0,0,-2.9
Kenneth Lofton Jr.,UTA,21,11,5,6,11,5.7,2.2,4.5,48,0.4,1.4,26.7,1,1.6,61.1,0.6,1.4,2,2.2,0.6,0.3,0.3,1.5,12.4,0,0,-0.8
Royce O'Neale,PHX,30,39,17,22,23.4,5.7,2.1,6,35.5,1.3,4.4,28.3,0.2,0.4,57.1,0.7,3.2,4,2.6,1,0.6,0.3,2,15.8,1,0,-2.8
Jarred Vanderbilt,LAL,25,13,4,9,20.5,5.7,2.2,4.5,48.3,0.2,1,23.1,1.2,1.4,83.3,1.3,3.2,4.5,1.2,1,1.5,0.2,1.8,16.9,0,0,0.8
Jahmi'us Ramsey,TOR,22,3,0,3,18.7,5.7,2,6,33.3,1,4,25,0.7,0.7,100,0.7,3.3,4,1,1,1,0,1.3,14,0,0,2
Doug McDermott,IND,32,34,11,23,14.1,5.6,2,4.6,43.6,1.5,3.7,40.5,0.1,0.2,62.5,0.2,0.8,0.9,1,0.5,0.4,0,1,9,0,0,-4
Bruno Fernando,ATL,25,25,10,15,14.4,5.6,2.1,3.9,53.1,0,0,0,1.5,1.9,77.1,1.2,3.1,4.3,0.9,1.2,0.5,0.5,2.4,14.1,0,0,-4.3
Chimezie Metu,DET,27,26,12,14,17.1,5.6,2.1,4.2,50.9,0.5,1.4,35.1,0.9,1,92,0.7,2.8,3.5,0.9,1.1,0.9,0.3,1.3,14,0,0,-2.2
Tosan Evbuomwan,DET,23,10,1,9,21.7,5.6,2,3.8,52.6,0.7,1.6,43.8,0.9,1.3,69.2,1.2,2.3,3.5,1.1,0.4,0.5,0.2,1.4,13.2,0,0,-7.7
Vit Krejci,ATL,23,12,3,9,22.2,5.6,2,4.3,46.2,1.2,2.8,41.2,0.4,0.5,83.3,0.4,1.5,1.9,2.7,0.6,0.5,0.3,2,13.8,0,0,-1.8
Ashton Hagans,POR,24,7,3,4,20.3,5.6,1.9,4.6,40.6,0.6,1.6,36.4,1.3,1.3,100,0.7,2,2.7,3.7,2.3,1,0.6,2.6,16.8,0,0,3.6
Charles Bassey,SAS,23,9,2,7,14.2,5.6,2.6,3.2,79.3,0,0,0,0.4,0.4,100,1.1,3.3,4.4,1.4,0.6,0.7,1,2,17.5,0,0,-3.4
Aleksej Pokusevski,CHA,22,13,6,7,16.4,5.5,2,4.8,41.9,0.8,1.9,40,0.8,0.9,83.3,0.8,2.8,3.5,1.8,0.8,0.8,0.5,1.2,15.4,0,0,-2.8
Stanley Umude,DET,25,10,1,9,13.3,5.5,1.6,2.8,57.1,0.8,1.6,50,1.5,1.6,93.8,0.4,1.7,2.1,0.5,0.6,0.3,0.5,1.4,10.6,0,0,-3.8
Matisse Thybulle,POR,27,31,7,24,21.3,5.5,1.9,4.8,40.3,1.3,3.7,33.9,0.4,0.4,84.6,0.3,1.3,1.6,1.1,0.5,1.5,0.5,1.4,14.3,0,0,-3.4
Nicolas Batum,PHI,35,30,14,16,26,5.5,1.9,4.1,46,1.3,3.1,42.4,0.4,0.6,64.7,1.1,3,4.1,2.2,0.5,0.6,0.5,1.8,16.6,0,0,0.8
Anthony Black,ORL,20,33,13,20,18.6,5.5,2,3.9,50,0.7,1.5,45.8,0.8,1.4,59.6,0.5,1.8,2.3,1.1,1,0.5,0.2,1.7,10.9,0,0,-1.5
Matt Ryan,NOP,27,11,7,4,12.4,5.5,1.6,3.5,46.2,1.4,2.8,48.4,0.8,0.8,100,0,1.4,1.4,0.6,0.6,0.1,0,1.5,7.7,0,0,0
Kris Dunn,UTA,30,34,8,26,19.1,5.4,2.2,4.9,44,0.6,1.8,36.1,0.4,0.6,66.7,0.8,2.4,3.2,4,1.2,0.8,0.4,1.9,17.4,1,0,-1.4
Boban Marjanovic,HOU,35,5,3,2,7,5.4,2.2,3.2,68.8,0,0,0,1,1.8,55.6,0.2,2.6,2.8,0.4,0.6,0.2,0.2,0.4,10,0,0,1.8
Jevon Carter,CHI,28,35,17,18,14.6,5.4,2.1,5.5,38.3,1.2,3.5,33.6,0,0,0,0.2,0.7,0.9,1.4,0.6,0.5,0.3,1,10.4,1,0,0.3
Trey Jemison,MEM,24,10,2,8,22.4,5.4,2.4,4.9,49,0,0,0,0.6,0.8,75,2.4,2.8,5.2,1.4,1,0.2,1.3,2.2,17.2,0,0,-8.8
Ben Simmons,BKN,27,8,5,3,24.8,5.4,2.6,4.6,56.8,0,0,0,0.1,0.6,20,2.1,6.3,8.4,5,1.9,0.8,0.6,2.4,25.2,2,0,-3.6
Monte Morris,MIN,28,11,8,3,14.1,5.4,2.2,4.2,52.2,0.8,2,40.9,0.2,0.3,66.7,0.2,1.4,1.5,1.8,0.4,0.4,0.3,0.4,11.5,0,0,2.8
Robert Covington,PHI,33,14,9,5,16.7,5.4,1.8,3.4,53.2,0.9,1.9,48.1,0.9,1.1,75,0.9,2.4,3.2,0.8,0.5,1.4,0.6,2.4,15.7,0,0,1
Keon Johnson,BKN,22,3,0,3,8.7,5.3,1.3,3.3,40,0.3,1.7,20,2.3,2.7,87.5,0.3,1,1.3,0.7,1,0,0,0.7,6.9,0,0,-0.7
Shake Milton,NYK,27,27,14,13,13.4,5.3,2,4.6,43.5,0.6,1.5,37.5,0.8,1,77.8,0.4,1.5,2,1.5,0.7,0.3,0.1,1.4,10.5,0,0,-0.1
Taze Moore,POR,25,3,0,3,11.8,5.3,2.3,6,38.9,0.3,2.3,14.3,0.3,0.7,50,1.3,1.3,2.7,1.3,0.7,0.7,0,1.3,11.9,0,0,-9.7
Patrick Baldwin Jr.,WAS,21,16,3,13,16.1,5.3,1.9,4.8,39.5,1,2.8,35.6,0.6,0.8,75,0.6,3.7,4.3,0.8,0.5,0.8,0.4,1.4,14.7,1,0,-1.5
Jared Rhoden,DET,24,10,2,8,17,5.3,2.2,4.5,48.9,0.7,1.9,36.8,0.2,0.4,50,0.1,1.7,1.8,1.2,0.2,0.2,0.8,1.8,12.1,0,0,-1
Lester Quinones,GSW,23,19,14,5,13.2,5.3,1.7,4.2,41.8,1.1,2.7,39.2,0.7,1.1,70,0.6,1.6,2.3,1.4,0.5,0.2,0.1,1.2,10.5,0,0,1.1
Mouhamed Gueye,ATL,21,4,1,3,13.6,5.3,1.8,5,35,0.5,2,25,1.3,1.5,83.3,2,1.8,3.8,0.3,0.3,1,0.8,2.3,15.1,0,0,-9.3
Jae Crowder,MIL,33,27,10,17,22.2,5.2,1.9,5.3,36.1,0.9,3.3,26.7,0.4,0.7,66.7,0.5,2.6,3.1,1.1,0.5,0.9,0.2,1.7,13.3,0,0,-4
Mason Plumlee,LAC,34,24,17,7,13.9,5.2,1.9,3.2,59.2,0,0,0,1.4,2,69.4,1.4,3.5,4.9,0.7,0.5,0.4,0.3,1.5,13.6,1,0,1.9
Sasha Vezenkov,SAC,28,18,7,11,12.4,5.2,2.1,4.9,42,0.8,2.8,29.4,0.2,0.2,100,0.7,1.3,1.9,0.7,0.4,0.6,0.1,1,10.1,0,0,-1.3
Davion Mitchell,SAC,25,37,20,17,15.4,5.2,2,4.1,47.7,0.8,2.1,38.2,0.4,0.6,72.7,0.3,1.1,1.4,2.1,0.6,0.3,0.1,1.2,10.4,0,0,-1.2
Goga Bitadze,ORL,24,28,8,20,16.7,5.1,2.1,3.6,58.8,0,0.3,12.5,0.8,1.3,63.9,1.9,3.2,5.1,1.4,0.8,0.6,1.1,1.8,17.7,3,0,-1.8
Brandon Williams,DAL,24,8,4,4,7.4,5.1,1.9,4.3,44.1,0.3,1.3,20,1.1,1.4,81.8,0.3,0.6,0.9,1.5,0.5,0,0,0.3,7.9,0,0,-5.4
Justin Champagnie,WAS,22,8,1,7,13.4,5.1,2,5,40,0.8,3,25,0.4,0.6,60,0.5,1.9,2.4,1.3,0.5,0.6,1,1,14.2,0,0,-2.1
Mitchell Robinson,NYK,26,19,10,9,24.1,5.1,2.3,4,57.9,0,0,0,0.5,1.2,39.1,4.3,3.7,8,0.6,0.9,1.3,1.2,1.6,22,1,0,-0.6
Isaiah Livers,DET,25,11,0,11,22.3,5.1,1.9,5.5,35,0.7,3.1,23.5,0.5,1.1,50,0.8,1.5,2.3,0.8,0.5,0.7,0.3,2.2,11.5,0,0,-7.5
Armoni Brooks,BKN,25,6,1,5,10.9,5,1.8,4.5,40.7,1.3,3.2,42.1,0,0,0,0.7,1,1.7,0.5,0.2,0,0.2,0.2,8.1,0,0,7.2
Cam Reddish,LAL,24,21,9,12,20,5,1.8,4.8,36.6,0.7,2.1,33.3,0.8,1,72.7,0.7,1.5,2.2,1.2,0.5,0.9,0.4,1,13,0,0,-1.4
D.J. Wilson,PHI,28,2,1,1,7.7,5,2,3,66.7,1,1,100,0,0,0,0.5,0.5,1,1,0,0,1,0.5,10.7,0,0,1
Moussa Diabate,LAC,22,4,1,3,6.7,5,1.5,2.3,66.7,0,0,0,2,2.5,80,2,0.8,2.8,0,0,0.3,0,0.8,9.1,0,0,1.3
Kris Murray,POR,23,32,5,27,19.5,5,2,5.5,36.7,0.5,2.5,21.3,0.4,0.5,70.6,1.3,1.9,3.2,1,0.7,0.8,0.3,1.3,13.1,0,0,-4.1
Dean Wade,CLE,27,28,17,11,20.1,5,1.6,4.1,39.5,1.4,3.6,37.3,0.4,0.5,73.3,0.7,3.1,3.9,0.5,0.3,0.8,0.5,1.8,13.9,0,0,3.6
Dominick Barlow,SAS,20,17,3,14,13.2,4.9,1.9,4,47.1,0.1,0.4,28.6,1.1,1.4,75,1.6,2.1,3.7,0.9,0.2,0.3,0.3,1.5,12.2,0,0,-2.3
Josh Okogie,PHX,25,30,18,12,16,4.9,1.7,3.6,46.8,0.6,1.5,38.6,0.9,1.3,69.2,1.5,1.5,3,1,0.6,0.8,0.3,1,12.7,0,0,-1.1
Udoka Azubuike,PHX,24,6,4,2,12,4.8,2.2,2.8,76.5,0,0,0,0.5,1.5,33.3,1.8,2.3,4.2,0.5,0.3,0,0.5,2.5,11.8,1,0,-1.8
Eugene Omoruyi,WAS,27,26,3,23,8.6,4.8,1.9,3.8,51,0.3,1,34.6,0.6,1,61.5,0.5,0.9,1.4,0.8,0.6,0.6,0,1.5,9,0,0,-2.8
Kevon Looney,GSW,28,37,22,15,16.5,4.8,2.1,3.3,62.8,0,0,0,0.7,1.2,58.1,1.6,3.9,5.6,1.9,0.8,0.5,0.6,2.2,16.7,0,0,2.4
Chris Duarte,SAC,26,28,16,12,13.5,4.8,1.6,3.6,43.1,1,2.2,43.5,0.6,0.8,85.7,0.4,1.8,2.2,1,0.5,0.5,0.2,1.4,10.3,0,0,1.1
DeAndre Jordan,DEN,35,16,8,8,11.9,4.8,1.8,3.4,53.7,0,0,0,1.1,2.3,48.6,1.8,2.9,4.6,0.8,0.7,0.3,0.4,1.4,12.8,1,0,-4
Jalen McDaniels,TOR,26,26,5,21,13.2,4.7,1.7,4.5,38.1,0.4,1.7,23.3,0.8,1.1,75.9,0.5,1.7,2.2,1,0.8,0.6,0.1,1.6,10,0,0,-2.9
Blake Wesley,SAS,21,32,8,24,14.1,4.7,1.8,3.7,48.3,0.2,1,18.2,0.9,1.4,65.2,0.3,1,1.3,2.8,1.1,0.4,0.1,1.3,10.9,0,0,-1.5
Richaun Holmes,WAS,30,19,6,13,13.8,4.7,2.1,4.1,50,0.1,0.2,33.3,0.5,0.9,58.8,1.7,2.7,4.4,0.7,0.4,0.3,0.5,1.8,13,2,0,-3.8
Kobe Bufkin,ATL,20,9,2,7,10.9,4.7,2,5.1,39.1,0.4,2.2,20,0.2,0.4,50,0.2,1.9,2.1,1.4,0.7,0.1,0.1,1.1,9.4,0,0,-2.8
Thaddeus Young,PHX,35,21,8,13,14.3,4.7,2.2,3.5,63.5,0,0.3,16.7,0.1,0.3,42.9,1.6,1.8,3.4,1.8,0.7,0.8,0.1,1.8,13.3,0,0,-1
Dru Smith,MIA,26,8,6,2,15.3,4.6,1.8,3.9,45.2,0.9,2,43.8,0.3,0.3,100,0.8,1,1.8,1.6,0.6,1.1,0.4,1.4,13,0,0,-4.9
Omer Yurtseven,UTA,25,24,4,20,12.2,4.6,2.1,4.4,47.2,0.1,0.5,16.7,0.4,0.7,56.3,1.6,3.1,4.8,0.6,1,0.1,0.3,1.2,11.4,1,0,-6
Jock Landale,HOU,28,29,11,18,13.3,4.6,1.8,3.6,50,0.2,0.7,30,0.8,1.1,77.4,1.4,1.3,2.7,1.2,0.7,0.4,0.8,1.3,12.5,0,0,3.4
John Konchar,MEM,28,29,13,16,22.2,4.6,1.8,3.9,44.7,0.6,2.2,27.7,0.5,0.6,87.5,1.6,3.7,5.3,2.3,0.9,0.9,0.9,1.6,19,1,0,-2.2
Justin Holiday,DEN,35,28,15,13,15.2,4.6,1.8,3.6,48,1.1,2.7,40,0,0.1,50,0.1,1.1,1.3,1,0.2,0.5,0.1,1.5,9,0,0,0.4
DeJon Jarreau,MEM,26,5,1,4,19.4,4.6,1.8,6.6,27.3,0.8,2,40,0.2,1.4,14.3,1.4,4.4,5.8,3,1,0.8,0.2,1.6,18.1,0,0,-8
Drew Eubanks,PHX,27,36,19,17,16.1,4.6,1.8,2.8,66.7,0,0,100,0.9,1.1,78,1.4,2.7,4.1,1,0.8,0.3,0.9,1.7,13.8,0,0,-1.4
Delon Wright,MIA,31,23,10,13,15.6,4.6,1.5,3.7,41.7,0.6,1.1,50,1,1.2,81.5,0.4,1.4,1.8,2.5,0.3,1.3,0.2,0.7,14.6,0,0,-1.3
Gui Santos,GSW,21,11,8,3,10.1,4.5,1.6,2.8,58.1,0.5,1.1,50,0.7,0.8,88.9,0.9,1.8,2.7,0.7,0.5,0.3,0.2,1.3,9.7,0,0,1.5
JaVale McGee,SAC,36,24,13,11,7.4,4.5,2,3.3,60.3,0,0.2,0,0.6,1,62.5,1.2,2,3.3,0.3,0.8,0.3,0.3,0.9,10,0,0,0.9
Julian Strawther,DEN,22,27,16,11,11.2,4.5,1.6,4.4,35.3,0.9,2.9,29.5,0.6,0.7,78.9,0.1,1.1,1.2,1,0.4,0.5,0.2,1.1,9.1,0,0,-3
Craig Porter Jr.,CLE,24,24,15,9,11.9,4.5,1.8,3.6,50,0,0.4,11.1,0.9,1.3,65.6,0.4,2,2.3,2.1,0.8,0.4,0.2,0.8,11.4,0,0,0.7
Danuel House Jr.,PHI,30,16,10,6,15.6,4.5,1.4,3.4,42.6,0.4,1.6,24,1.3,1.6,80,0.5,1.1,1.6,1,0.5,0.8,0.3,1.4,10.8,0,0,-0.1
David Duke Jr.,SAS,24,2,1,1,10.6,4.5,1.5,4.5,33.3,0.5,1.5,33.3,1,1,100,0.5,3,3.5,2.5,0.5,0.5,0,0.5,13.5,0,0,-3
Keon Ellis,SAC,24,27,14,13,13.6,4.5,1.6,3.5,45.7,1.1,2.6,44.3,0.1,0.3,50,0.5,1.1,1.7,1.4,0.7,0.7,0.4,1.7,11,0,0,0.5
Rayan Rupert,POR,19,24,4,20,16.3,4.5,1.5,4.4,35.2,0.8,2,41.7,0.5,0.7,81.3,0.6,1.9,2.5,1.4,0.8,0.3,0.1,1.6,9.8,0,0,-4.9
Jamal Cain,MIA,25,14,8,6,11.3,4.4,1.7,3.9,44.4,0.4,1.4,31.6,0.6,0.6,88.9,0.7,1.1,1.8,0.2,0.4,0.6,0.1,0.7,8.5,0,0,-3.3
Bones Hyland,LAC,23,22,12,10,12.9,4.4,1.7,5,34.2,0.6,2.6,22.8,0.4,0.5,80,0.2,1.3,1.5,2.2,1,0.6,0.1,1.3,10.8,1,0,-0.9
Bol Bol,PHX,24,20,13,7,9.6,4.4,1.8,3,61,0.4,0.8,53.3,0.4,0.5,80,0.9,2.1,3,0.4,0.3,0.2,0.5,0.7,10.3,1,0,-0.5
Kenrich Williams,OKC,29,36,21,15,14.5,4.4,1.8,4,46.2,0.6,1.9,31.3,0.1,0.2,62.5,1,1.8,2.8,1.2,0.6,0.6,0.2,1.6,11.2,0,0,-0.5
Garrison Mathews,ATL,27,37,13,24,14.5,4.4,1.4,3.1,44.2,1.2,2.6,44.3,0.5,0.5,90,0.2,0.9,1.2,0.5,0.2,0.4,0.1,1.7,7.7,0,0,-2.8
Patty Mills,MIA,35,15,7,8,13.9,4.3,1.5,4.6,33.3,1,3.1,31.9,0.3,0.3,100,0.3,1,1.3,1.5,0.7,0.7,0.1,1.2,9.7,0,0,0.1
Sidy Cissoko,SAS,20,6,2,4,13,4.3,1.3,2.8,47.1,0.2,1.2,14.3,1.5,1.8,81.8,0.8,1.2,2,0.8,0.2,0.5,0.2,1.5,9.8,0,0,-2
Ben Sheppard,IND,22,28,13,15,14.3,4.3,1.5,3.9,38.2,0.9,2.8,31.2,0.5,0.6,81.3,0.4,1.5,1.9,1,0.3,0.7,0,1.6,9.9,0,0,-0.8
Seth Curry,CHA,33,22,10,12,13.7,4.3,1.4,4.4,31.3,0.6,2.2,28.6,1,1,91.3,0.3,1.3,1.6,1.2,0.6,0.5,0.1,1,9.2,0,0,-1
Jarace Walker,IND,20,17,8,9,12.2,4.3,1.7,3.9,43.3,0.9,2,44.1,0,0,0,0.4,1.7,2.1,1.8,0.6,0.6,0.5,1,12.2,0,0,-0.1
Brandon Boston Jr.,LAC,22,16,12,4,10.1,4.3,1.8,4.1,43.1,0.4,1.3,30,0.4,0.7,54.5,0.4,0.9,1.3,0.3,0.6,0.3,0.3,1.4,7.1,0,0,-5.9
Thomas Bryant,MIA,26,20,11,9,10.9,4.3,1.8,3.7,47.9,0.1,0.5,10,0.7,0.8,93.3,0.7,2.4,3,0.6,0.5,0.3,0.4,1,10,0,0,0.2
Xavier Tillman,BOS,25,30,17,13,17,4.2,1.7,4.6,37.7,0.4,1.4,26.2,0.3,0.7,50,1.4,2.5,3.9,1.4,0.7,0.7,0.9,1.4,15,1,0,-1.9
Oshae Brissett,BOS,25,25,18,7,13.3,4.2,1.4,2.8,49.3,0.4,1.3,31.3,1,1.7,57.1,1.4,1.7,3.1,0.9,0.2,0.2,0.1,1.2,10.1,0,0,3.5
Maxi Kleber,DAL,32,21,14,7,20.6,4.1,1.5,3.1,47.7,0.8,2,38.1,0.4,0.7,64.3,0.9,2.4,3.2,1.6,0.6,0.3,0.9,1.6,13.4,0,0,2.9
Ryan Rollins,MIL,21,8,1,7,6.9,4.1,1.5,2.6,57.1,0.4,0.5,75,0.8,1.1,66.7,0.1,1.4,1.5,1.4,0.9,0.8,0.4,0.9,10.5,0,0,6
Jalen Wilson,BKN,23,24,5,19,13.7,4.1,1.5,3.9,39.4,0.4,1.6,23.1,0.6,0.7,88.2,0.8,1.5,2.3,0.8,0.5,0.3,0.1,0.8,8.6,0,0,-1.8
Kira Lewis Jr.,UTA,23,12,4,8,12.3,4.1,1.6,4.3,36.5,0.2,1.3,12.5,0.8,0.9,81.8,0.3,1,1.3,1.3,0.7,0.3,0.1,0.5,8.3,0,0,-3.8
Caleb Houstan,ORL,21,27,9,18,13.2,4.1,1.3,3.6,35.1,1.1,3.4,31.9,0.5,0.6,76.5,0.3,0.7,1.1,0.4,0.3,0.3,0,1.1,6.7,0,0,-3.6
Bismack Biyombo,OKC,31,23,12,11,19.3,4,1.8,3.3,53.2,0,0,0,0.4,1.2,35.7,1.5,3.7,5.3,1.7,1.1,0.3,1,2.3,15.4,1,0,-0.4
Isaiah Thomas,PHX,35,2,1,1,6.1,4,1.5,3.5,42.9,1,2,50,0,0,0,0,0,0,1,0,0,0,0,5.5,0,0,-2
Izaiah Brockington,NOP,24,1,1,0,3.4,4,2,5,40,0,1,0,0,0,0,1,1,2,0,0,0,0,0,6.4,0,0,3
MarJon Beauchamp,MIL,23,23,10,13,12,4,1.6,3.5,45.7,0.6,1.6,38.9,0.2,0.3,57.1,0.5,1.5,2,0.7,0.5,0.3,0.1,0.9,7.9,0,0,0.1
Matt Hurt,MEM,23,3,2,1,19.2,4,1.7,6.7,25,0.3,4.3,7.7,0.3,0.3,100,2.3,1,3.3,0.7,0.3,0.3,0.3,1,10.7,0,0,-5.7
Jacob Gilyard,BKN,25,24,9,15,16,4,1.4,3.2,42.9,1.2,2.8,43.9,0,0,0,0.2,1,1.1,2.7,0.8,0.8,0.1,0.9,11.1,0,0,-5.5
Troy Brown Jr.,DET,24,34,14,20,14.4,3.9,1.4,3.8,36.2,0.8,2.4,33.8,0.4,0.4,92.9,0.4,2,2.5,1,0.5,0.5,0,0.7,9.5,0,0,-3.9
Jaxson Hayes,LAL,23,33,17,16,12.3,3.9,1.6,2.3,71.1,0,0.1,0,0.7,0.9,71,0.9,1.7,2.6,0.6,0.5,0.5,0.3,1.7,9.8,1,0,-3.3
Leaky Black,CHA,24,13,2,11,10.9,3.9,1.5,2.2,65.5,0.6,0.8,72.7,0.4,0.5,71.4,0.4,1.7,2.1,0.8,0.3,0.4,0.4,0.6,9.7,0,0,-1.1
T.J. Warren,MIN,30,7,4,3,13.3,3.9,1.9,4.4,41.9,0.1,1.3,11.1,0,0,0,0.6,1.6,2.1,1.3,0.6,0.6,0,1.4,9.5,0,0,6.1
Max Christie,LAL,21,33,15,18,14.1,3.8,1.5,3.7,40.5,0.5,1.7,28.6,0.4,0.5,86.7,0.2,1.8,2,1,0.5,0.3,0.3,0.9,9.1,0,0,-1.6
Ish Wainright,PHX,29,6,0,6,8.2,3.8,1.2,3,38.9,1.2,2.5,46.7,0.3,0.3,100,0.5,1.5,2,0.2,0.3,0.5,0.2,1,8.2,0,0,-0.3
Moses Brown,POR,24,11,2,9,9,3.8,1.7,3,57.6,0,0,0,0.4,1.3,28.6,1,2.3,3.3,0.5,0.7,0.3,0.4,1.2,9.6,0,0,-2.4
Noah Clowney,BKN,19,11,3,8,14.9,3.8,1.5,3.5,42.1,0.5,1.6,27.8,0.5,0.8,55.6,0.8,1.9,2.7,1,0.7,0.5,0.3,0.8,10,0,0,-0.8
Keita Bates-Diop,BKN,28,29,15,14,11.8,3.8,1.4,3.1,45.6,0.4,1.3,32.4,0.6,0.7,84.2,0.7,1.4,2.1,0.7,0.3,0.4,0.7,0.6,10.5,0,0,0.6
Luka Samanic,UTA,24,23,4,19,8.9,3.8,1.3,3.4,38,0.2,1.4,15.2,1,1.1,84.6,0.4,1.9,2.3,0.3,0.8,0.1,0.1,0.7,7.1,0,0,-1.2
Neemias Queta,BOS,24,12,10,2,9.4,3.8,1.5,2.8,54.5,0,0,0,0.8,1.1,69.2,1.6,2.1,3.7,0.7,0.3,0.4,0.3,1.7,11.1,2,0,1.9
KJ Martin,PHI,23,31,15,16,13.3,3.7,1.7,3,55.3,0,0.3,10,0.4,0.7,50,0.9,1.5,2.4,0.8,0.6,0.5,0.2,1.8,9.4,1,0,2.1
Jaylin Williams,OKC,21,33,18,15,12.9,3.7,1.2,3.2,37.7,0.8,2.2,35.2,0.5,0.6,85.7,0.6,2.8,3.4,1.7,0.5,0.4,0.3,1.5,11.8,0,0,-0.2
Joe Ingles,ORL,36,32,15,17,16.8,3.7,1.3,3.1,40.4,0.9,2.4,38.2,0.3,0.5,62.5,0.3,1.5,1.8,2.7,0.8,0.7,0.1,1.1,11.2,0,0,-0.5
Jeff Dowtin Jr.,PHI,26,7,4,3,9.9,3.7,1.3,2.4,52.9,0.7,1.6,45.5,0.4,0.4,100,0.4,1.7,2.1,1.9,0.4,0.3,0,0.1,9.5,0,0,-0.3
Nate Williams,HOU,25,10,3,7,6.4,3.7,1.6,2.6,61.5,0.1,0.2,50,0.4,0.9,44.4,0.8,0.3,1.1,0.5,0.4,0.2,0.1,0.6,6.3,0,0,1.7
Marques Bolden,CHA,26,6,3,3,13,3.7,1.7,2.8,58.8,0,0.2,0,0.3,0.3,100,1,2,3,0.7,0.5,0.3,1,1,11.8,0,0,-0.2
Skylar Mays,LAL,26,19,6,13,10.7,3.6,1.6,3.6,43.5,0.2,0.9,23.5,0.3,0.4,62.5,0.2,1.1,1.3,2.6,0.6,0.2,0.2,0.7,9.5,2,0,-2.1
Orlando Robinson,MIA,23,16,9,7,9.8,3.6,1.3,2.3,56.8,0.4,0.5,75,0.6,0.9,71.4,0.8,1.9,2.8,1.4,0.6,0.4,0.4,1.1,10.7,1,0,3.3
Devonte' Graham,SAS,29,12,4,8,13.1,3.6,1.2,4.3,27.5,0.6,3.2,18.4,0.7,0.8,88.9,0.2,1.5,1.7,2,0.4,0.6,0.2,0.8,10.4,0,0,0.7
Olivier-Maxence Prosper,DAL,21,21,12,9,9.1,3.6,1.2,3.1,38.5,0.4,1.5,25.8,0.8,1.3,63,0.8,1.4,2.1,0.5,0.3,0.2,0,0.5,7.4,0,0,-3.6
Mike Muscala,OKC,32,27,5,22,11.5,3.6,1.2,3.3,36.7,0.6,1.9,28.8,0.6,0.8,71.4,0.8,1.5,2.3,0.5,0.5,0.2,0.1,1,7.7,0,0,-3.7
Maozinha Pereira,MEM,23,4,1,3,13.4,3.5,1.3,3.5,35.7,0.3,1.3,20,0.8,1.3,60,1.8,2.3,4,0.3,0.5,1,0.8,1.5,13.4,0,0,-1.8
Ish Smith,CHA,35,21,3,18,15.5,3.5,1.7,3.6,47.4,0,0.1,0,0,0.1,50,0.3,1.5,1.9,3,1.3,0.4,0.1,1.3,10.7,0,0,-7.7
Jordan McLaughlin,MIN,28,29,16,13,10.8,3.4,1.2,2.4,51.4,0.8,1.5,51.2,0.2,0.3,75,0.2,1.1,1.3,1.4,0.2,0.7,0.1,0.7,9.2,0,0,1.7
Lindy Waters III,OKC,26,21,9,12,7.8,3.4,1.3,2.9,45,0.8,2.1,36.4,0.1,0.1,100,0.3,0.9,1.2,0.6,0.1,0.2,0.1,0.5,6.8,0,0,-0.3
Oscar Tshiebwe,IND,24,7,2,5,5.8,3.4,1.3,2.7,47.4,0,0,0,0.9,1.1,75,1.1,1.1,2.3,0.3,0,0.3,0.1,0.4,7.9,0,0,2
JT Thor,CHA,21,32,8,24,12.7,3.4,1.3,2.8,47.3,0.6,1.4,40,0.2,0.3,45.5,0.6,1.9,2.5,0.5,0.3,0.2,0.5,1.2,8.8,0,0,1.1
Zeke Nnaji,DEN,23,30,17,13,10.5,3.4,1.3,3,44.9,0.1,0.4,36.4,0.6,1,60,1.4,1,2.4,0.7,0.5,0.2,0.6,1.6,9.3,0,0,-3.4
Jae'Sean Tate,HOU,28,30,8,22,13.7,3.4,1.4,3,46.1,0.2,0.9,23.1,0.4,0.6,76.5,1.1,1.8,2.9,0.7,0.6,0.5,0.1,2,9.3,0,0,-2.3
Harry Giles III,LAL,25,11,4,7,5.5,3.4,1.4,2.9,46.9,0.2,0.8,22.2,0.5,0.7,62.5,0.6,1,1.6,0.5,0.3,0.2,0.1,0.7,6.6,0,0,-2.1
Chuma Okeke,ORL,25,20,4,16,10.4,3.4,1.3,2.7,49.1,0.7,1.8,40,0.1,0.2,33.3,0.7,1.3,2,0.5,0.4,0.2,0.3,0.4,7.4,0,0,-2.5
Micah Potter,UTA,26,9,1,8,13.1,3.3,1.2,3.1,39.3,0.6,1.7,33.3,0.3,0.6,60,0.8,2.6,3.3,0.6,0.6,0.4,0.7,1.1,10.9,0,0,-3.4
Olivier Sarr,OKC,25,7,3,4,6,3.3,1,1.7,58.3,0.3,0.4,66.7,1,1.3,77.8,0.7,0.9,1.6,0,0.1,0,0.1,1.3,5.5,0,0,3.6
Damian Jones,CLE,28,21,14,7,7.1,3.2,1.2,1.9,66.7,0.1,0.4,25,0.7,0.7,100,0.6,1.1,1.7,0.6,0.5,0.1,0.4,1,7.4,0,0,-0.9
Yuta Watanabe,MEM,29,16,10,6,11.3,3.2,1.1,2.8,37.8,0.7,2.1,32.4,0.4,0.6,66.7,0.3,1.3,1.6,0.1,0.7,0.3,0.3,1.1,6.1,0,0,-1.3
AJ Griffin,ATL,20,11,4,7,10.8,3.2,1.2,4.4,27.1,0.6,2.5,25,0.2,0.2,100,0.2,0.9,1.1,0.3,0.7,0.1,0.1,0.5,4.7,0,0,-3.9
Jules Bernard,WAS,24,11,2,9,7.2,3.2,1.3,3,42.4,0.5,1.4,33.3,0.2,0.4,50,0.5,0.8,1.3,0.5,0.5,0.2,0,1,5.6,0,0,-1.1
Nate Hinton,HOU,24,7,2,5,7,3.1,1,2.1,46.7,0.6,1.1,50,0.6,0.7,80,0.6,1.9,2.4,1.3,0.1,0.1,0.3,1,9.1,0,0,4.3
Jeremiah Robinson-Earl,NOP,23,22,15,7,7.2,3.1,1.2,2.2,55.1,0.3,0.7,46.7,0.4,0.4,88.9,0.4,1.1,1.5,0.2,0.2,0.1,0.1,0.5,5.6,0,0,-1.3
James Bouknight,CHA,23,8,0,8,4.8,3.1,1.1,2.5,45,0.8,1.6,46.2,0.1,0.3,50,0.1,0.6,0.8,0.4,0.3,0.1,0.1,0,5.1,0,0,0.9
Nassir Little,PHX,24,25,15,10,8.2,3.1,1.2,2.5,46,0.4,1.5,29.7,0.4,0.5,75,0.2,1,1.2,0.4,0.3,0.2,0.2,0.6,6,0,0,-1.8
Svi Mykhailiuk,BOS,26,19,12,7,8.2,3.1,1.1,2.3,46.5,0.8,1.8,42.9,0.2,0.4,57.1,0.2,0.7,0.9,0.7,0.2,0.3,0,0.3,6.1,0,0,1.4
Dalen Terry,CHI,21,29,12,17,11.2,3.1,1.2,2.8,45,0.3,1.2,22.2,0.3,0.7,47.6,0.6,1.5,2.1,1.4,0.5,0.3,0.3,1.9,9.2,0,0,-0.3
A.J. Lawson,DAL,23,19,14,5,7.3,3.1,1.3,2.9,45.5,0.1,1.1,5,0.4,0.6,58.3,0.3,0.8,1.1,0.4,0.4,0.3,0.1,0.4,5.4,0,0,-0.9
Johnny Davis,WAS,22,24,4,20,11.9,3,1.3,3.3,38.5,0.3,0.7,35.3,0.3,0.5,58.3,0.5,1,1.5,0.6,0.3,0.4,0.1,1,7.1,0,0,-4.5
Sandro Mamukelashvili,SAS,24,27,6,21,8.7,3,1.2,2.7,43.8,0.3,1.2,24.2,0.4,0.5,71.4,0.9,2,2.9,0.9,0.3,0.2,0.2,0.6,8.8,1,0,0.1
Alex Fudge,DAL,20,5,1,4,6.7,3,1.2,3,40,0.2,1,20,0.4,0.4,100,0.8,0,0.8,0,0.2,0.6,0,0.4,5.6,0,0,-7.4
Dereon Seabron,NOP,23,3,1,2,10.6,3,1,3.3,30,0.3,0.7,50,0.7,0.7,100,0.3,1,1.3,0.7,0,0.3,0,0.3,6.6,0,0,-1
Drew Peterson,BOS,24,1,1,0,2.6,3,1,1,100,1,1,100,0,0,0,0,0,0,1,0,0,0,1,4.5,0,0,2
Garrett Temple,TOR,37,15,2,13,11,3,1,3.2,31.3,0.3,1.5,22.7,0.7,0.8,83.3,0.8,0.9,1.7,1.2,0.5,0.3,0.1,1.1,7.5,0,0,-3.5
Henri Drell,CHI,23,3,2,1,9,3,1,2.7,37.5,0.7,1.7,40,0.3,0.7,50,0,1,1,0.7,0.7,0.7,0.3,2,7.5,0,0,1
Jordan Ford,SAC,25,4,1,3,4.8,3,1,1.5,66.7,0.5,0.5,100,0.5,0.5,100,0,0.5,0.5,0.5,0.3,0,0,0,4.1,0,0,4.8
Saben Lee,PHX,24,9,5,4,7.6,3,0.9,2.1,42.1,0,0.3,0,1.2,1.2,100,0.6,1,1.6,1.1,0.4,0.1,0.1,0.4,6.8,0,0,0.4
Theo Maledon,PHX,22,8,2,6,13.2,3,1.3,4.8,26.3,0.5,2.4,21.1,0,0,0,0.5,1.1,1.6,2.4,1.1,0.3,0,1.5,8.1,0,0,-1.9
Ousmane Dieng,OKC,20,12,5,7,8.8,2.9,0.9,2.9,31.4,0.8,2.3,32.1,0.3,0.3,100,0.3,0.8,1.1,0.8,0.5,0.2,0.2,0.7,6,0,0,-0.7
Markieff Morris,DAL,34,16,11,5,8.2,2.9,1,2.5,40,0.7,1.7,40.7,0.2,0.3,75,0.1,1.4,1.5,0.7,0.7,0.2,0.1,0.3,6,0,0,-2.1
Amari Bailey,CHA,20,7,1,6,7.7,2.9,1,2.9,35,0.1,0.9,16.7,0.7,0.7,100,0.9,0.4,1.3,1,0.4,0.4,0,0.3,6.8,0,0,1.3
Trevelin Queen,ORL,27,6,1,5,16.6,2.8,1.2,3.2,36.8,0,1.5,0,0.5,0.7,75,0.2,2,2.2,1.7,0.5,0.7,0.8,1.8,11.9,0,0,2.3
Luka Garza,MIN,25,15,9,6,4.4,2.8,0.9,2.5,37.8,0.3,1.3,26.3,0.6,0.7,81.8,0.6,0.5,1.1,0.2,0.3,0.1,0,1.1,4.2,0,0,0.1
Anthony Gill,WAS,31,24,5,19,6.8,2.8,1.1,2.6,43.5,0.1,0.7,11.8,0.5,0.6,73.3,0.8,1,1.7,0.6,0.2,0.1,0.4,0.4,6.9,0,0,1.9
Jacob Toppin,NYK,23,4,1,3,5.3,2.8,1,1.8,57.1,0.3,0.8,33.3,0.5,0.5,100,0.5,0.5,1,0.3,0.3,0,0.3,0.8,4.8,0,0,-4.5
Jaden Springer,BOS,21,24,15,9,8.3,2.8,0.9,2.2,42.3,0.3,0.8,30,0.7,0.8,84.2,0.4,0.8,1.2,0.5,0.7,0.5,0.3,1.2,6.5,0,0,-1.1
AJ Green,MIL,24,23,11,12,8.7,2.7,1,2.7,34.9,0.7,2.3,30.8,0.1,0.2,75,0,0.9,0.9,0.5,0.2,0,0,0.9,4.6,0,0,0.1
Furkan Korkmaz,PHI,26,15,7,8,8.3,2.7,0.9,2.4,38.9,0.5,1.5,34.8,0.3,0.5,71.4,0,0.8,0.8,0.9,0.1,0.3,0,0.6,5.8,0,0,2.8
Dwight Powell,DAL,32,32,18,14,13.1,2.7,1.1,1.8,60.3,0,0.1,0,0.5,0.9,60.7,1.5,1.9,3.4,1.2,0.5,0.3,0.4,2,10.2,1,0,-1.8
Colby Jones,SAC,21,14,5,9,10,2.7,1.1,3.4,33.3,0.1,1.4,10.5,0.3,0.6,44.4,0.9,1.1,1.9,0.8,0.5,0.4,0.3,1.6,7.9,0,0,2.4
Greg Brown III,DAL,22,3,1,2,7.2,2.7,0.7,1.7,40,0,0.3,0,1.3,3,44.4,0.7,1.7,2.3,0.7,0.3,0,0,0.7,6.1,0,0,0
Mouhamadou Gueye,TOR,25,3,0,3,16.4,2.7,1,4,25,0,0.3,0,0.7,1,66.7,1.3,2,3.3,0.3,0.3,0.3,2.3,2.7,14.8,0,0,-12.3
Terquavion Smith,PHI,21,6,4,2,5.4,2.7,0.8,2.8,29.4,0.7,2.3,28.6,0.3,0.3,100,0,0.2,0.2,1.2,0.5,0.8,0,0.7,6.6,0,0,0.2
TyTy Washington Jr.,MIL,22,3,1,2,7.9,2.7,1.3,3.3,40,0,1,0,0,0,0,0,0.7,0.7,1.3,0.3,0.7,0,0,7.1,0,0,-2.7
Tristan Thompson,CLE,33,26,12,14,10.3,2.6,1.2,2,60.4,0,0,0,0.2,0.6,25,1.3,1.9,3.2,0.7,0.6,0.3,0.3,0.8,8.5,1,0,-0.3
Malik Williams,TOR,25,5,1,4,17.5,2.6,1.2,5.2,23.1,0.2,0.8,25,0,0,0,2,3.4,5.4,0.4,0.6,0.6,0.6,2,12.7,0,0,-11
Gabe Vincent,LAL,27,7,4,3,18.3,2.6,1.1,3.9,29.6,0.3,2.4,11.8,0,0,0,0.4,0.3,0.7,1.4,0.6,0.4,0,2,6.3,0,0,1
Otto Porter Jr.,TOR,30,11,4,7,10.8,2.5,0.9,1.9,47.6,0.5,1.5,37.5,0.2,0.2,100,0.3,1.7,2,0.5,0.1,0.3,0.2,1.3,7,0,0,0.9
Wesley Matthews,ATL,37,21,6,15,11.1,2.5,0.8,2.4,32,0.5,1.6,32.4,0.4,0.6,75,0,1,1.1,0.6,0,0.3,0.3,1,6.5,0,0,-3.2
Jalen Hood-Schifino,LAL,20,9,2,7,6.6,2.4,0.7,2.1,31.6,0.2,1.2,18.2,0.9,1.6,57.1,0,0.3,0.3,0.4,0.6,0.1,0.1,0.9,3.6,0,0,-4.1
Emoni Bates,CLE,20,5,4,1,5.5,2.4,0.8,2,40,0.8,1.8,44.4,0,0,0,0,0.4,0.4,0.8,0,0,0.2,0.4,4.7,0,0,0.4
Jamaree Bouyea,SAS,24,5,1,4,9.2,2.4,1.2,2.8,42.9,0,0.6,0,0,0,0,0.2,1.2,1.4,0.8,1.2,0.2,0,0.8,4.7,0,0,-4.4
D'Moi Hodge,LAL,25,6,1,5,6.6,2.3,0.8,2.5,33.3,0.5,2,25,0.2,0.3,50,0,0,0,0.8,0.2,0.2,0.2,0.7,4.4,0,0,-5.2
Taj Gibson,DET,38,13,4,9,9.2,2.3,1.1,2,53.8,0.2,0.5,33.3,0,0,0,0.7,1.2,1.9,0.3,0.2,0.2,0.3,1.5,6.5,0,0,-2.5
Cole Swider,MIA,24,11,5,6,4.4,2.3,0.8,2.1,39.1,0.5,1.6,27.8,0.2,0.2,100,0.1,0.3,0.4,0.4,0.5,0.1,0.1,0.1,3.3,0,0,0.5
Onuralp Bitim,CHI,25,11,6,5,10.2,2.3,0.8,2.8,29,0.5,1.9,23.8,0.2,0.3,66.7,0.2,0.4,0.5,0.4,0.5,0.2,0.1,0.8,3.8,0,0,-3.9
Justin Minaya,POR,25,16,1,15,12.1,2.3,0.9,2.5,35,0.4,1.6,24,0.1,0.2,66.7,0.9,0.8,1.7,0.8,0.4,0.4,0.5,1,7.7,0,0,-3.3
Cory Joseph,GSW,32,10,3,7,10.3,2.2,0.8,2.1,38.1,0.3,1.3,23.1,0.3,0.4,75,0,1,1,2,0.2,0.3,0.1,0.9,7.4,0,0,1
Daishen Nix,MIN,22,10,6,4,2.6,2.2,0.7,1.5,46.7,0.5,1.1,45.5,0.3,0.6,50,0.1,0,0.1,0.3,0.3,0.3,0,0.2,3.4,0,0,2.1
Jericho Sims,NYK,25,21,12,9,12.1,2.2,1,1.4,66.7,0,0,0,0.3,0.3,85.7,1,1.8,2.8,0.6,0.3,0.1,0.4,1,7.8,0,0,-0.7
Andre Jackson Jr.,MIL,22,27,12,15,8.5,2.2,0.9,1.5,60,0.2,0.6,40,0.2,0.3,71.4,0.7,1,1.7,0.6,0.6,0.3,0,1.3,5.6,0,0,-2.3
Julian Phillips,CHI,20,20,10,10,7.7,2.1,0.8,1.7,45.5,0.3,0.9,29.4,0.4,0.6,58.3,0.3,0.5,0.8,0.1,0.3,0.1,0.3,1.1,4.1,0,0,0.4
Reggie Bullock Jr.,HOU,33,23,9,14,8.9,2.1,0.7,1.6,45.9,0.6,1.4,42.4,0,0,0,0.1,1.6,1.7,0.2,0.2,0.3,0.1,0.9,5.4,0,0,-0.3
Buddy Boeheim,DET,24,6,0,6,8.9,2,0.5,2.7,18.8,0.5,2.3,21.4,0.5,0.8,60,0.3,0.7,1,0,0,0,0.2,0.7,3.7,0,0,2.3
Cody Zeller,NOP,31,21,13,8,7.5,2,0.7,1.3,51.9,0,0,100,0.6,0.8,76.5,1.1,1.3,2.4,1.3,0.3,0.3,0.1,1,7.6,0,0,0.2
Hamidou Diallo,WAS,25,1,1,0,3.7,2,1,2,50,0,0,0,0,0,0,2,0,2,1,1,2,0,1,10.9,0,0,1
Jason Preston,UTA,24,4,1,3,10,2,1,3,33.3,0,0.8,0,0,0,0,1,1.8,2.8,2,0.3,0.5,0.3,0.5,10.3,0,0,1.3
Jordan Miller,LAC,24,1,1,0,4.2,2,1,2,50,0,0,0,0,0,0,2,0,2,0,0,0,0,0,4.4,0,0,-11
Quenton Jackson,IND,25,1,1,0,1.9,2,0,0,0,0,0,0,2,2,100,0,2,2,0,0,0,0,0,4.4,0,0,0
Timmy Allen,MEM,24,1,0,1,16.3,2,1,2,50,0,0,0,0,0,0,0,4,4,1,0,0,0,6,8.3,0,0,-13
Ty Jerome,CLE,26,1,1,0,5.5,2,1,1,100,0,0,0,0,0,0,0,0,0,0,0,0,0,1,2,0,0,-7
Zavier Simpson,MEM,27,2,0,2,16.7,2,1,3,33.3,0,0.5,0,0,0,0,1,3.5,4.5,4,1,1,0,3,15.4,0,0,2.5
Kessler Edwards,SAC,23,28,14,14,5.8,1.9,0.7,1.9,38.5,0.4,1.1,32.3,0.1,0.2,60,0.2,0.7,0.9,0.4,0,0.3,0.1,0.6,4.6,0,0,0.5
Josh Minott,MIN,21,18,11,7,2.7,1.9,0.7,1.3,52.2,0.2,0.4,50,0.3,0.4,85.7,0.2,0.4,0.7,0.3,0.1,0.1,0.1,0.1,3.7,0,0,1.3
Nathan Mensah,CHA,26,13,2,11,12,1.8,0.7,1.3,52.9,0,0,0,0.5,0.6,75,1.1,1.4,2.5,0.2,0.4,0.3,0.5,2.5,7.3,0,0,-3.5
Leonard Miller,MIN,20,10,7,3,2.8,1.8,0.8,1,80,0.1,0.1,100,0.1,0.2,50,0.3,0.7,1,0.6,0,0,0,0.2,3.9,0,0,2.1
Alex Len,SAC,30,25,11,14,8.4,1.7,0.8,1.4,54.3,0,0.1,0,0.2,0.3,57.1,1,1.8,2.8,0.9,0.5,0.2,0.5,1.1,7.9,0,0,2.1
Jalen Pickett,DEN,24,9,4,5,6.9,1.7,0.6,1.9,29.4,0.2,1.3,16.7,0.3,0.4,75,0.1,0.8,0.9,0.9,0.3,0.2,0,0.6,4.4,0,0,1.1
Keyontae Johnson,OKC,23,3,2,1,6.6,1.7,0.7,1.7,40,0.3,0.3,100,0,0,0,0.3,0.3,0.7,0.3,0.3,0,0,0.3,2.6,0,0,-0.7
Trent Forrest,ATL,25,23,9,14,10,1.7,0.6,1.9,31.8,0,0.2,20,0.4,0.4,90,0.3,0.9,1.1,2.4,0.5,0.3,0,0.6,7.1,0,0,-3.1
P.J. Tucker,LAC,38,14,7,7,16.5,1.6,0.5,1.4,36.8,0.4,1.1,40,0.2,0.2,100,1,2.4,3.4,0.4,0.3,0.4,0.3,2.2,8.2,0,0,-1.8
Chris Livingston,MIL,20,8,2,6,4.5,1.6,0.8,1,75,0.1,0.1,100,0,0,0,0.1,0.9,1,0.4,0.1,0,0,0.6,3.3,0,0,0.8
Robin Lopez,MIL,36,8,4,4,5.1,1.6,0.8,1.8,42.9,0.1,0.5,25,0,0,0,0.4,0.1,0.5,0.1,0.1,0.1,0.3,0.6,3.4,0,0,-2.9
Jerome Robinson,GSW,27,11,9,2,3.9,1.5,0.6,1.9,33.3,0.1,0.9,10,0.2,0.4,50,0.1,0.4,0.5,0.1,0.1,0,0.1,0.3,2.4,0,0,0.8
Dylan Windler,ATL,27,8,3,5,3.8,1.5,0.5,1.3,40,0.5,1.1,44.4,0,0,0,0,0.6,0.6,0.6,0,0,0,0.4,3.2,0,0,-0.1
Filip Petrusev,SAC,24,2,1,1,3.3,1.5,0.5,1,50,0,0,0,0.5,1,50,0,0,0,0,0,0,0,0.5,1.5,0,0,1.5
Jalen Slawson,SAC,24,4,3,1,6.1,1.5,0.8,1.3,60,0,0.5,0,0,0,0,0.3,1.3,1.5,0.5,0.3,0.3,0.3,0.8,5.3,0,0,-1.3
Kendall Brown,IND,20,10,6,4,3.9,1.5,0.5,0.9,55.6,0,0.1,0,0.5,0.8,62.5,0.3,0.1,0.4,0.3,0,0,0,0.5,2.4,0,0,-0.9
Joe Harris,DET,32,11,3,8,10.4,1.5,0.5,2.1,26.1,0.3,1.4,20,0.1,0.2,50,0.2,0.5,0.6,0.6,0.3,0.3,0.2,1.3,4.3,0,0,-3.5
Mamadi Diakite,NYK,27,3,2,1,3.7,1.3,0.3,0.7,50,0,0,0,0.7,1.3,50,0.3,1,1.3,0.3,0,0.3,0.3,0.7,5.4,0,0,1
Colin Castleton,LAL,23,11,6,5,4.4,1.3,0.5,1.1,50,0,0,0,0.2,0.2,100,0.3,0.5,0.7,0.3,0.2,0.1,0,0.8,2.6,0,0,-4.4
Jay Huff,DEN,26,8,5,3,2.7,1.3,0.4,0.8,50,0.3,0.6,40,0.3,0.3,100,0.3,0.4,0.6,0.1,0.1,0.1,0.1,0.4,2.8,0,0,-0.1
Seth Lundy,ATL,24,4,1,3,3.1,1.3,0.5,1.3,40,0.3,0.8,33.3,0,0,0,0,0.5,0.5,0,0.3,0,0,0.3,1.6,0,0,-2.8
JD Davison,BOS,21,5,5,0,1.7,1.2,0.4,0.6,66.7,0.4,0.6,66.7,0,0,0,0,0.4,0.4,0.2,0,0,0,0.2,2,0,0,1.8
R.J. Hampton,MIA,23,6,2,4,8.2,1.2,0.5,1.5,33.3,0,0.7,0,0.2,0.3,50,0.3,0.3,0.7,0.7,0.3,0,0,1.2,2.6,0,0,4
Braxton Key,DEN,27,7,4,3,3.6,1.1,0.4,1,42.9,0,0.1,0,0.3,0.4,66.7,0.3,0.9,1.1,0.6,0,0.1,0.1,0.4,4.2,0,0,0.9
Jett Howard,ORL,20,7,1,6,4.1,1.1,0.4,2.1,20,0.3,1.9,15.4,0,0,0,0,0.3,0.3,0.4,0.4,0.1,0.1,0,2.6,0,0,-0.7
Terry Taylor,CHI,24,10,2,8,7.7,1.1,0.5,1.5,33.3,0.1,0.5,20,0,0,0,0.6,1,1.6,0.3,0.4,0.3,0.1,0.3,4.3,0,0,-0.2
Ibou Badji,POR,21,14,2,12,10.8,1.1,0.5,1,50,0,0,0,0.1,0.3,25,0.9,1.6,2.4,0.5,0.7,0.2,0.7,2.3,6.8,0,0,-5.8
DaQuan Jeffries,NYK,26,9,6,3,3.5,1,0.4,1.3,33.3,0.1,0.7,16.7,0,0.2,0,0,0.4,0.4,0.4,0.1,0,0,0.2,2.1,0,0,0.9
Jordan Walsh,BOS,20,2,2,0,3,1,0.5,1,50,0,0.5,0,0,0,0,0,0.5,0.5,0.5,0,0,0,0.5,2.4,0,0,4
Juan Toscano-Anderson,SAC,31,5,3,2,7.8,1,0.4,1.8,22.2,0.2,0.6,33.3,0,0,0,0.6,1.6,2.2,0.4,0.2,0.2,0.2,1.4,5.2,0,0,2.6
Mason Jones,SAC,25,1,0,1,13,1,0,3,0,0,2,0,1,2,50,1,3,4,4,0,0,0,0,11.8,0,0,10
Thanasis Antetokounmpo,MIL,31,14,6,8,5,1,0.5,1,50,0,0,0,0,0,0,0.1,0.1,0.3,0.5,0.3,0.3,0.1,0.6,3.1,0,0,-0.6
Admiral Schofield,ORL,27,9,3,6,4.2,0.9,0.3,1.1,30,0.2,0.8,28.6,0,0.2,0,0.2,0.6,0.8,0.6,0.3,0,0,0.4,2.3,0,0,-0.2
Kobe Brown,LAC,24,16,9,7,6.4,0.8,0.3,1.4,22.7,0.1,0.8,16.7,0.1,0.1,50,0.4,0.5,0.9,0.3,0.3,0,0.1,0.9,2.3,0,0,-4.6
E.J. Liddell,NOP,23,5,2,3,3.2,0.8,0.2,0.8,25,0,0.6,0,0.4,0.4,100,0,0.6,0.6,0.2,0.4,0,0.4,0.4,2.6,0,0,1.6
James Johnson,IND,37,5,1,4,4,0.8,0.2,0.8,25,0,0.2,0,0.4,0.4,100,0,0.4,0.4,0.4,0.4,0.2,0.2,0.8,2.7,0,0,-1.2
Charlie Brown Jr.,NYK,27,4,1,3,2.5,0.8,0.3,0.8,33.3,0.3,0.5,50,0,0,0,0,0,0,0,0.5,0,0.3,0.3,1,0,0,1.8
Isaiah Mobley,CLE,24,3,1,2,2.2,0.7,0.3,0.7,50,0,0.3,0,0,0,0,0,0,0,0,0,0,0,0.3,0.7,0,0,-2.3
Jermaine Samuels Jr.,HOU,25,6,2,4,5.1,0.7,0.3,0.7,50,0,0.2,0,0,0,0,0.2,1.2,1.3,0.5,0,0,0.2,0.3,3.5,0,0,0.8
Xavier Moon,LAC,29,4,4,0,3.6,0.5,0.3,1.5,16.7,0,0.5,0,0,0,0,0.3,0.3,0.5,0,0.3,0.3,0,0.3,1.6,0,0,-6.5
Hunter Tyson,DEN,23,6,3,3,3.5,0.3,0.2,1.2,14.3,0,1,0,0,0,0,0,0.5,0.5,0.2,0.3,0,0,0.7,0.9,0,0,0.3
Maxwell Lewis,LAL,21,19,8,11,3.1,0.3,0.2,0.7,23.1,0,0.2,0,0,0,0,0.1,0.1,0.2,0.1,0.3,0.1,0.1,0.1,0.8,0,0,-3.3
Wendell Moore Jr.,MIN,22,15,9,6,2.3,0.3,0.1,0.5,28.6,0,0.3,0,0,0,0,0,0.3,0.3,0.2,0.1,0.2,0.1,0.1,1.6,0,0,0.4
Alondes Williams,MIA,24,3,3,0,3.3,0,0,1,0,0,0.7,0,0,0,0,0,0.3,0.3,0,0.3,0,0,0,0.1,0,0,-1.7
Andrew Funk,CHI,24,3,2,1,3.6,0,0,1,0,0,1,0,0,0,0,0,0,0,0,0,0.3,0.3,0,2,0,0,-1.3
Danny Green,PHI,36,2,1,1,9.2,0,0,1,0,0,0.5,0,0,0,0,0,1,1,0.5,0,0.5,0,0.5,3.5,0,0,0
Dmytro Skapintsev,NYK,25,1,0,1,1.1,0,0,0,0,0,0,0,0,0,0,0,0,0,0,0,0,0,0,0,0,0,3
Frank Ntilikina,CHA,25,2,0,2,6.2,0,0,1,0,0,1,0,0,0,0,0,0.5,0.5,0.5,0.5,0,0,0.5,0.9,0,0,3.5
Jack White,MEM,26,1,0,1,14.6,0,0,3,0,0,1,0,0,0,0,2,2,4,1,1,1,0,0,8.3,0,0,-5
Jalen Crutcher,NOP,24,1,1,0,2.7,0,0,1,0,0,0,0,0,0,0,0,0,0,0,0,0,0,0,0,0,0,1
Lindell Wigginton,MIL,26,1,1,0,2.4,0,0,1,0,0,1,0,0,0,0,0,0,0,0,1,0,0,1,-1,0,0,-7
Pat Spencer,GSW,27,1,1,0,1.8,0,0,0,0,0,0,0,0,0,0,0,0,0,0,0,0,0,1,0,0,0,-2
Pete Nance,CLE,24,4,1,3,1.8,0,0,0.5,0,0,0,0,0,0.5,0,0,0,0,0,0.3,0,0,0,-0.3,0,0,-0.3
Ryan Arcidiacono,NYK,30,10,6,4,2.2,0,0,0.3,0,0,0.3,0,0,0,0,0,0.7,0.7,0.3,0,0.1,0,0.1,1.6,0,0,1.3
Shaquille Harrison,MEM,30,1,1,0,2,0,0,0,0,0,0,0,0,0,0,0,1,1,0,0,0,0,0,1.2,0,0,-4
Usman Garuba,GSW,22,1,1,0,1.8,0,0,0,0,0,0,0,0,0,0,0,0,0,0,1,0,1,0,2,0,0,-2